"date","trap_ID","eggs","missing","not_collected","random","normal","hatched","collapsed","X24hr","X48hr","X72hr","n_larvae","hatch_rate","location","trap","cluster"
2019-11-12,"T16",0,FALSE,FALSE,FALSE,NA,NA,NA,NA,NA,NA,0,NA,"T",16,"CLUSTER2"
2019-11-12,"T17",5,FALSE,FALSE,FALSE,5,NA,NA,NA,NA,NA,0,0,"T",17,"CLUSTER2"
2019-11-12,"T18",0,FALSE,FALSE,FALSE,NA,NA,NA,NA,NA,NA,0,NA,"T",18,"CLUSTER2"
2019-11-12,"T19",0,FALSE,FALSE,FALSE,NA,NA,NA,NA,NA,NA,0,NA,"T",19,"CLUSTER2"
2019-11-12,"T20",0,FALSE,FALSE,FALSE,NA,NA,NA,NA,NA,NA,0,NA,"T",20,"CLUSTER2"
2019-11-12,"T21",0,FALSE,FALSE,FALSE,NA,NA,NA,NA,NA,NA,0,NA,"T",21,"CLUSTER2"
2019-11-12,"T22",7,FALSE,FALSE,FALSE,7,NA,NA,NA,NA,NA,0,0,"T",22,"CLUSTER2"
2019-11-12,"T23",NA,TRUE,FALSE,TRUE,0,0,0,0,0,0,0,NA,"T",23,"CLUSTER2"
2019-11-12,"T24",0,FALSE,FALSE,FALSE,NA,NA,NA,NA,NA,NA,0,NA,"T",24,"CLUSTER2"
2019-11-12,"T25",0,FALSE,FALSE,TRUE,0,0,0,0,0,0,0,NA,"T",25,"CLUSTER2"
2019-11-12,"T26",2,FALSE,FALSE,FALSE,2,NA,NA,NA,NA,NA,0,0,"T",26,"CLUSTER2"
2019-11-12,"T27",0,FALSE,FALSE,TRUE,0,0,0,0,0,0,0,NA,"T",27,"CLUSTER2"
2019-11-12,"T28",0,FALSE,FALSE,FALSE,NA,NA,NA,NA,NA,NA,0,NA,"T",28,"CLUSTER2"
2019-11-12,"T29",2,FALSE,FALSE,FALSE,2,NA,NA,NA,NA,NA,0,0,"T",29,"CLUSTER2"
2019-11-12,"T30",0,FALSE,FALSE,FALSE,NA,NA,NA,NA,NA,NA,0,NA,"T",30,"CLUSTER2"
2019-11-12,"T31",0,FALSE,FALSE,FALSE,NA,NA,NA,NA,NA,NA,0,NA,"T",31,"CLUSTER2"
2019-11-12,"T32",0,FALSE,FALSE,FALSE,NA,NA,NA,NA,NA,NA,0,NA,"T",32,"CLUSTER2"
2019-11-12,"T33",0,FALSE,FALSE,FALSE,NA,NA,NA,NA,NA,NA,0,NA,"T",33,"CLUSTER2"
2019-11-12,"T34",0,FALSE,FALSE,FALSE,NA,NA,NA,NA,NA,NA,0,NA,"T",34,"CLUSTER2"
2019-11-12,"T35",12,FALSE,FALSE,FALSE,3,9,NA,NA,NA,NA,9,0.75,"T",35,"CLUSTER2"
2019-11-12,"T36",0,FALSE,FALSE,FALSE,NA,NA,NA,NA,NA,NA,0,NA,"T",36,"CLUSTER2"
2019-11-12,"T37",0,FALSE,FALSE,FALSE,NA,NA,NA,NA,NA,NA,0,NA,"T",37,"CLUSTER2"
2019-11-12,"T38",0,FALSE,FALSE,FALSE,NA,NA,NA,NA,NA,NA,0,NA,"T",38,"CLUSTER2"
2019-11-12,"T39",0,FALSE,FALSE,FALSE,NA,NA,NA,NA,NA,NA,0,NA,"T",39,"CLUSTER2"
2019-11-12,"T40",0,FALSE,FALSE,TRUE,0,0,0,0,0,0,0,NA,"T",40,"CLUSTER2"
2019-11-12,"T41",0,FALSE,FALSE,TRUE,0,0,0,0,0,0,0,NA,"T",41,"CLUSTER2"
2019-11-12,"T42",0,FALSE,FALSE,FALSE,NA,NA,NA,NA,NA,NA,0,NA,"T",42,"CLUSTER2"
2019-11-12,"T43",5,FALSE,FALSE,FALSE,5,NA,NA,NA,NA,NA,0,0,"T",43,"CLUSTER2"
2019-11-12,"T44",0,FALSE,FALSE,FALSE,NA,NA,NA,NA,NA,NA,0,NA,"T",44,"CLUSTER2"
2019-11-12,"T45",1,FALSE,FALSE,FALSE,1,NA,NA,NA,NA,NA,0,0,"T",45,"CLUSTER2"
2019-11-19,"T16",0,FALSE,FALSE,FALSE,NA,NA,NA,NA,NA,NA,0,NA,"T",16,"CLUSTER2"
2019-11-19,"T17",0,FALSE,FALSE,FALSE,NA,NA,NA,NA,NA,NA,0,NA,"T",17,"CLUSTER2"
2019-11-19,"T18",0,FALSE,FALSE,FALSE,NA,NA,NA,NA,NA,NA,0,NA,"T",18,"CLUSTER2"
2019-11-19,"T19",0,FALSE,FALSE,FALSE,NA,NA,NA,NA,NA,NA,0,NA,"T",19,"CLUSTER2"
2019-11-19,"T20",0,FALSE,FALSE,TRUE,0,0,0,0,0,0,0,NA,"T",20,"CLUSTER2"
2019-11-19,"T21",0,FALSE,FALSE,FALSE,NA,NA,NA,NA,NA,NA,0,NA,"T",21,"CLUSTER2"
2019-11-19,"T22",0,FALSE,FALSE,FALSE,NA,NA,NA,NA,NA,NA,0,NA,"T",22,"CLUSTER2"
2019-11-19,"T23",0,FALSE,FALSE,FALSE,NA,NA,NA,NA,NA,NA,0,NA,"T",23,"CLUSTER2"
2019-11-19,"T24",0,FALSE,FALSE,TRUE,0,0,0,0,0,0,0,NA,"T",24,"CLUSTER2"
2019-11-19,"T25",0,FALSE,FALSE,FALSE,NA,NA,NA,NA,NA,NA,0,NA,"T",25,"CLUSTER2"
2019-11-19,"T26",0,FALSE,FALSE,FALSE,NA,NA,NA,NA,NA,NA,0,NA,"T",26,"CLUSTER2"
2019-11-19,"T27",0,FALSE,FALSE,FALSE,NA,NA,NA,NA,NA,NA,0,NA,"T",27,"CLUSTER2"
2019-11-19,"T28",0,FALSE,FALSE,TRUE,0,0,0,0,0,0,0,NA,"T",28,"CLUSTER2"
2019-11-19,"T29",0,FALSE,FALSE,TRUE,0,0,0,0,0,0,0,NA,"T",29,"CLUSTER2"
2019-11-19,"T30",0,FALSE,FALSE,FALSE,NA,NA,NA,NA,NA,NA,0,NA,"T",30,"CLUSTER2"
2019-11-19,"T31",0,FALSE,FALSE,FALSE,NA,NA,NA,NA,NA,NA,0,NA,"T",31,"CLUSTER2"
2019-11-19,"T32",0,FALSE,FALSE,TRUE,0,0,0,0,0,0,0,NA,"T",32,"CLUSTER2"
2019-11-19,"T33",0,FALSE,FALSE,TRUE,0,0,0,0,0,0,0,NA,"T",33,"CLUSTER2"
2019-11-19,"T34",0,FALSE,FALSE,FALSE,NA,NA,NA,NA,NA,NA,0,NA,"T",34,"CLUSTER2"
2019-11-19,"T35",0,FALSE,FALSE,FALSE,NA,NA,NA,NA,NA,NA,0,NA,"T",35,"CLUSTER2"
2019-11-19,"T36",0,FALSE,FALSE,FALSE,NA,NA,NA,NA,NA,NA,0,NA,"T",36,"CLUSTER2"
2019-11-19,"T37",0,FALSE,FALSE,FALSE,NA,NA,NA,NA,NA,NA,0,NA,"T",37,"CLUSTER2"
2019-11-19,"T38",0,FALSE,FALSE,FALSE,NA,NA,NA,NA,NA,NA,0,NA,"T",38,"CLUSTER2"
2019-11-19,"T39",0,FALSE,FALSE,FALSE,NA,NA,NA,NA,NA,NA,0,NA,"T",39,"CLUSTER2"
2019-11-19,"T40",0,FALSE,FALSE,FALSE,NA,NA,NA,NA,NA,NA,0,NA,"T",40,"CLUSTER2"
2019-11-19,"T41",0,FALSE,FALSE,FALSE,NA,NA,NA,NA,NA,NA,0,NA,"T",41,"CLUSTER2"
2019-11-19,"T42",0,FALSE,FALSE,FALSE,NA,NA,NA,NA,NA,NA,0,NA,"T",42,"CLUSTER2"
2019-11-19,"T43",0,FALSE,FALSE,FALSE,NA,NA,NA,NA,NA,NA,0,NA,"T",43,"CLUSTER2"
2019-11-19,"T44",0,FALSE,FALSE,TRUE,0,0,0,0,0,0,0,NA,"T",44,"CLUSTER2"
2019-11-19,"T45",0,FALSE,FALSE,FALSE,NA,NA,NA,NA,NA,NA,0,NA,"T",45,"CLUSTER2"
2019-11-26,"T16",0,FALSE,FALSE,TRUE,0,0,0,0,0,0,0,NA,"T",16,"CLUSTER2"
2019-11-26,"T17",0,FALSE,FALSE,FALSE,0,0,0,NA,NA,NA,0,NA,"T",17,"CLUSTER2"
2019-11-26,"T18",0,FALSE,FALSE,TRUE,0,0,0,0,0,0,0,NA,"T",18,"CLUSTER2"
2019-11-26,"T19",0,FALSE,FALSE,FALSE,0,0,0,NA,NA,NA,0,NA,"T",19,"CLUSTER2"
2019-11-26,"T20",0,FALSE,FALSE,FALSE,0,0,0,NA,NA,NA,0,NA,"T",20,"CLUSTER2"
2019-11-26,"T21",0,FALSE,FALSE,FALSE,0,0,0,NA,NA,NA,0,NA,"T",21,"CLUSTER2"
2019-11-26,"T22",0,FALSE,FALSE,FALSE,0,0,0,NA,NA,NA,0,NA,"T",22,"CLUSTER2"
2019-11-26,"T23",0,FALSE,FALSE,FALSE,0,0,0,NA,NA,NA,0,NA,"T",23,"CLUSTER2"
2019-11-26,"T24",2,FALSE,FALSE,FALSE,2,0,0,NA,NA,NA,0,0,"T",24,"CLUSTER2"
2019-11-26,"T25",0,FALSE,FALSE,FALSE,0,0,0,NA,NA,NA,0,NA,"T",25,"CLUSTER2"
2019-11-26,"T26",1,FALSE,FALSE,FALSE,1,0,0,NA,NA,NA,0,0,"T",26,"CLUSTER2"
2019-11-26,"T27",0,FALSE,FALSE,TRUE,0,0,0,0,0,0,0,NA,"T",27,"CLUSTER2"
2019-11-26,"T28",0,FALSE,FALSE,FALSE,0,0,0,NA,NA,NA,0,NA,"T",28,"CLUSTER2"
2019-11-26,"T29",0,FALSE,FALSE,TRUE,0,0,0,0,0,0,0,NA,"T",29,"CLUSTER2"
2019-11-26,"T30",5,FALSE,FALSE,FALSE,5,0,0,NA,NA,NA,0,0,"T",30,"CLUSTER2"
2019-11-26,"T31",0,FALSE,FALSE,FALSE,0,0,0,NA,NA,NA,0,NA,"T",31,"CLUSTER2"
2019-11-26,"T32",0,FALSE,FALSE,FALSE,0,0,0,NA,NA,NA,0,NA,"T",32,"CLUSTER2"
2019-11-26,"T33",0,FALSE,FALSE,TRUE,0,0,0,0,0,0,0,NA,"T",33,"CLUSTER2"
2019-11-26,"T34",3,FALSE,FALSE,TRUE,3,0,0,3,0,0,3,1,"T",34,"CLUSTER2"
2019-11-26,"T35",0,FALSE,FALSE,FALSE,0,0,0,NA,NA,NA,0,NA,"T",35,"CLUSTER2"
2019-11-26,"T36",0,FALSE,FALSE,TRUE,0,0,0,0,0,0,0,NA,"T",36,"CLUSTER2"
2019-11-26,"T37",11,FALSE,FALSE,FALSE,11,0,0,NA,NA,NA,0,0,"T",37,"CLUSTER2"
2019-11-26,"T38",0,FALSE,FALSE,FALSE,0,0,0,NA,NA,NA,0,NA,"T",38,"CLUSTER2"
2019-11-26,"T39",0,FALSE,FALSE,FALSE,0,0,0,NA,NA,NA,0,NA,"T",39,"CLUSTER2"
2019-11-26,"T40",0,FALSE,FALSE,FALSE,0,0,0,NA,NA,NA,0,NA,"T",40,"CLUSTER2"
2019-11-26,"T41",0,FALSE,FALSE,FALSE,0,0,0,NA,NA,NA,0,NA,"T",41,"CLUSTER2"
2019-11-26,"T42",0,FALSE,FALSE,FALSE,0,0,0,NA,NA,NA,0,NA,"T",42,"CLUSTER2"
2019-11-26,"T43",0,FALSE,FALSE,FALSE,0,0,0,NA,NA,NA,0,NA,"T",43,"CLUSTER2"
2019-11-26,"T44",0,FALSE,FALSE,FALSE,0,0,0,NA,NA,NA,0,NA,"T",44,"CLUSTER2"
2019-11-26,"T45",NA,TRUE,FALSE,FALSE,NA,NA,NA,NA,NA,NA,0,NA,"T",45,"CLUSTER2"
2019-12-03,"T16",0,FALSE,FALSE,TRUE,0,0,0,0,0,0,0,NA,"T",16,"CLUSTER2"
2019-12-03,"T17",0,FALSE,FALSE,FALSE,0,0,0,NA,NA,NA,0,NA,"T",17,"CLUSTER2"
2019-12-03,"T18",0,FALSE,FALSE,FALSE,0,0,0,NA,NA,NA,0,NA,"T",18,"CLUSTER2"
2019-12-03,"T19",0,FALSE,FALSE,FALSE,0,0,0,NA,NA,NA,0,NA,"T",19,"CLUSTER2"
2019-12-03,"T20",0,FALSE,FALSE,FALSE,0,0,0,NA,NA,NA,0,NA,"T",20,"CLUSTER2"
2019-12-03,"T21",0,FALSE,FALSE,FALSE,0,0,0,NA,NA,NA,0,NA,"T",21,"CLUSTER2"
2019-12-03,"T22",0,FALSE,FALSE,FALSE,0,0,0,NA,NA,NA,0,NA,"T",22,"CLUSTER2"
2019-12-03,"T23",NA,TRUE,FALSE,FALSE,NA,NA,NA,NA,NA,NA,0,NA,"T",23,"CLUSTER2"
2019-12-03,"T24",0,FALSE,FALSE,FALSE,0,0,0,NA,NA,NA,0,NA,"T",24,"CLUSTER2"
2019-12-03,"T25",0,FALSE,FALSE,TRUE,0,0,0,0,0,0,0,NA,"T",25,"CLUSTER2"
2019-12-03,"T26",32,FALSE,FALSE,TRUE,32,0,0,14,1,6,21,0.65625,"T",26,"CLUSTER2"
2019-12-03,"T27",0,FALSE,FALSE,FALSE,0,0,0,NA,NA,NA,0,NA,"T",27,"CLUSTER2"
2019-12-03,"T28",0,FALSE,FALSE,FALSE,0,0,0,NA,NA,NA,0,NA,"T",28,"CLUSTER2"
2019-12-03,"T29",0,FALSE,FALSE,TRUE,0,0,0,0,0,0,0,NA,"T",29,"CLUSTER2"
2019-12-03,"T30",NA,TRUE,FALSE,TRUE,NA,NA,NA,NA,NA,NA,0,NA,"T",30,"CLUSTER2"
2019-12-03,"T31",0,FALSE,FALSE,FALSE,0,0,0,NA,NA,NA,0,NA,"T",31,"CLUSTER2"
2019-12-03,"T32",0,FALSE,FALSE,FALSE,0,0,0,NA,NA,NA,0,NA,"T",32,"CLUSTER2"
2019-12-03,"T33",0,FALSE,FALSE,FALSE,0,0,0,NA,NA,NA,0,NA,"T",33,"CLUSTER2"
2019-12-03,"T34",0,FALSE,FALSE,TRUE,0,0,0,0,0,0,0,NA,"T",34,"CLUSTER2"
2019-12-03,"T35",0,FALSE,FALSE,FALSE,0,0,0,NA,NA,NA,0,NA,"T",35,"CLUSTER2"
2019-12-03,"T36",0,FALSE,FALSE,FALSE,0,0,0,NA,NA,NA,0,NA,"T",36,"CLUSTER2"
2019-12-03,"T37",NA,TRUE,FALSE,TRUE,NA,0,NA,0,0,0,0,NA,"T",37,"CLUSTER2"
2019-12-03,"T38",NA,TRUE,FALSE,FALSE,NA,NA,NA,NA,NA,NA,0,NA,"T",38,"CLUSTER2"
2019-12-03,"T39",0,FALSE,FALSE,FALSE,0,0,0,NA,NA,NA,0,NA,"T",39,"CLUSTER2"
2019-12-03,"T40",0,FALSE,FALSE,FALSE,0,0,0,NA,NA,NA,0,NA,"T",40,"CLUSTER2"
2019-12-03,"T41",0,FALSE,FALSE,FALSE,0,0,0,NA,NA,NA,0,NA,"T",41,"CLUSTER2"
2019-12-03,"T42",0,FALSE,FALSE,FALSE,0,0,0,NA,NA,NA,0,NA,"T",42,"CLUSTER2"
2019-12-03,"T43",0,FALSE,FALSE,FALSE,0,0,0,NA,NA,NA,0,NA,"T",43,"CLUSTER2"
2019-12-03,"T44",0,FALSE,FALSE,FALSE,0,0,0,NA,NA,NA,0,NA,"T",44,"CLUSTER2"
2019-12-03,"T45",4,FALSE,FALSE,TRUE,4,0,0,4,0,0,4,1,"T",45,"CLUSTER2"
2019-12-10,"T16",0,FALSE,FALSE,FALSE,0,0,0,NA,NA,NA,0,NA,"T",16,"CLUSTER2"
2019-12-10,"T17",0,FALSE,FALSE,FALSE,0,0,0,NA,NA,NA,0,NA,"T",17,"CLUSTER2"
2019-12-10,"T18",0,FALSE,FALSE,FALSE,0,0,0,NA,NA,NA,0,NA,"T",18,"CLUSTER2"
2019-12-10,"T19",0,FALSE,FALSE,TRUE,0,0,0,0,0,0,0,NA,"T",19,"CLUSTER2"
2019-12-10,"T20",0,FALSE,FALSE,TRUE,0,0,0,0,0,0,0,NA,"T",20,"CLUSTER2"
2019-12-10,"T21",0,FALSE,FALSE,FALSE,0,0,0,NA,NA,NA,0,NA,"T",21,"CLUSTER2"
2019-12-10,"T22",0,FALSE,FALSE,TRUE,0,0,0,0,0,0,0,NA,"T",22,"CLUSTER2"
2019-12-10,"T23",0,FALSE,FALSE,FALSE,0,0,0,NA,NA,NA,0,NA,"T",23,"CLUSTER2"
2019-12-10,"T24",0,FALSE,FALSE,FALSE,0,0,0,NA,NA,NA,0,NA,"T",24,"CLUSTER2"
2019-12-10,"T25",0,FALSE,FALSE,FALSE,0,0,0,NA,NA,NA,0,NA,"T",25,"CLUSTER2"
2019-12-10,"T26",16,FALSE,FALSE,FALSE,16,0,0,NA,NA,NA,0,0,"T",26,"CLUSTER2"
2019-12-10,"T27",3,FALSE,FALSE,FALSE,3,0,0,NA,NA,NA,0,0,"T",27,"CLUSTER2"
2019-12-10,"T28",0,FALSE,FALSE,TRUE,0,0,0,0,0,0,0,NA,"T",28,"CLUSTER2"
2019-12-10,"T29",1,FALSE,FALSE,FALSE,1,0,0,NA,NA,NA,0,0,"T",29,"CLUSTER2"
2019-12-10,"T30",0,FALSE,FALSE,TRUE,0,0,0,0,0,0,0,NA,"T",30,"CLUSTER2"
2019-12-10,"T31",0,FALSE,FALSE,FALSE,0,0,0,NA,NA,NA,0,NA,"T",31,"CLUSTER2"
2019-12-10,"T32",0,FALSE,FALSE,FALSE,0,0,0,NA,NA,NA,0,NA,"T",32,"CLUSTER2"
2019-12-10,"T33",0,FALSE,FALSE,FALSE,0,0,0,NA,NA,NA,0,NA,"T",33,"CLUSTER2"
2019-12-10,"T34",0,FALSE,FALSE,FALSE,0,0,0,NA,NA,NA,0,NA,"T",34,"CLUSTER2"
2019-12-10,"T35",6,FALSE,FALSE,FALSE,6,0,0,NA,NA,NA,0,0,"T",35,"CLUSTER2"
2019-12-10,"T36",0,FALSE,FALSE,FALSE,0,0,0,NA,NA,NA,0,NA,"T",36,"CLUSTER2"
2019-12-10,"T37",0,FALSE,FALSE,FALSE,0,0,0,NA,NA,NA,0,NA,"T",37,"CLUSTER2"
2019-12-10,"T38",0,FALSE,FALSE,TRUE,0,0,0,0,0,0,0,NA,"T",38,"CLUSTER2"
2019-12-10,"T39",0,FALSE,FALSE,FALSE,0,0,0,NA,NA,NA,0,NA,"T",39,"CLUSTER2"
2019-12-10,"T40",0,FALSE,FALSE,FALSE,0,0,0,NA,NA,NA,0,NA,"T",40,"CLUSTER2"
2019-12-10,"T41",0,FALSE,FALSE,FALSE,0,0,0,NA,NA,NA,0,NA,"T",41,"CLUSTER2"
2019-12-10,"T42",0,FALSE,FALSE,FALSE,0,0,0,NA,NA,NA,0,NA,"T",42,"CLUSTER2"
2019-12-10,"T43",0,FALSE,FALSE,FALSE,0,0,0,NA,NA,NA,0,NA,"T",43,"CLUSTER2"
2019-12-10,"T44",0,FALSE,FALSE,TRUE,0,0,0,0,0,0,0,NA,"T",44,"CLUSTER2"
2019-12-10,"T45",0,FALSE,FALSE,TRUE,0,0,0,0,0,0,0,NA,"T",45,"CLUSTER2"
2019-12-17,"T16",0,FALSE,FALSE,FALSE,0,0,0,NA,NA,NA,0,NA,"T",16,"CLUSTER2"
2019-12-17,"T17",0,FALSE,FALSE,TRUE,0,0,0,0,0,0,0,NA,"T",17,"CLUSTER2"
2019-12-17,"T18",0,FALSE,FALSE,FALSE,0,0,0,NA,NA,NA,0,NA,"T",18,"CLUSTER2"
2019-12-17,"T19",0,FALSE,FALSE,FALSE,0,0,0,NA,NA,NA,0,NA,"T",19,"CLUSTER2"
2019-12-17,"T20",38,FALSE,FALSE,FALSE,37,0,1,NA,NA,NA,0,0,"T",20,"CLUSTER2"
2019-12-17,"T21",0,FALSE,FALSE,TRUE,0,0,0,0,0,0,0,NA,"T",21,"CLUSTER2"
2019-12-17,"T22",0,FALSE,FALSE,FALSE,0,0,0,NA,NA,NA,0,NA,"T",22,"CLUSTER2"
2019-12-17,"T23",0,FALSE,FALSE,TRUE,0,0,0,0,0,0,0,NA,"T",23,"CLUSTER2"
2019-12-17,"T24",0,FALSE,FALSE,FALSE,0,0,0,NA,NA,NA,0,NA,"T",24,"CLUSTER2"
2019-12-17,"T25",0,FALSE,FALSE,TRUE,0,0,0,0,0,0,0,NA,"T",25,"CLUSTER2"
2019-12-17,"T26",0,FALSE,FALSE,FALSE,0,0,0,NA,NA,NA,0,NA,"T",26,"CLUSTER2"
2019-12-17,"T27",0,FALSE,FALSE,TRUE,0,0,0,0,0,0,0,NA,"T",27,"CLUSTER2"
2019-12-17,"T28",0,FALSE,FALSE,FALSE,0,0,0,NA,NA,NA,0,NA,"T",28,"CLUSTER2"
2019-12-17,"T29",7,FALSE,FALSE,FALSE,7,0,1,NA,NA,NA,0,0,"T",29,"CLUSTER2"
2019-12-17,"T30",40,FALSE,FALSE,TRUE,40,0,0,35,3,0,38,0.95,"T",30,"CLUSTER2"
2019-12-17,"T31",0,FALSE,FALSE,FALSE,0,0,0,NA,NA,NA,0,NA,"T",31,"CLUSTER2"
2019-12-17,"T32",0,FALSE,FALSE,FALSE,0,0,0,NA,NA,NA,0,NA,"T",32,"CLUSTER2"
2019-12-17,"T33",0,FALSE,FALSE,FALSE,0,0,0,NA,NA,NA,0,NA,"T",33,"CLUSTER2"
2019-12-17,"T34",0,FALSE,FALSE,FALSE,0,0,0,NA,NA,NA,0,NA,"T",34,"CLUSTER2"
2019-12-17,"T35",0,FALSE,FALSE,FALSE,0,0,0,NA,NA,NA,0,NA,"T",35,"CLUSTER2"
2019-12-17,"T36",0,FALSE,FALSE,FALSE,0,0,0,NA,NA,NA,0,NA,"T",36,"CLUSTER2"
2019-12-17,"T37",1,FALSE,FALSE,FALSE,1,0,0,NA,NA,NA,0,0,"T",37,"CLUSTER2"
2019-12-17,"T38",0,FALSE,FALSE,FALSE,0,0,0,NA,NA,NA,0,NA,"T",38,"CLUSTER2"
2019-12-17,"T39",0,FALSE,FALSE,FALSE,0,0,0,NA,NA,NA,0,NA,"T",39,"CLUSTER2"
2019-12-17,"T40",0,FALSE,FALSE,FALSE,0,0,0,NA,NA,NA,0,NA,"T",40,"CLUSTER2"
2019-12-17,"T41",0,FALSE,FALSE,FALSE,0,0,0,NA,NA,NA,0,NA,"T",41,"CLUSTER2"
2019-12-17,"T42",0,FALSE,FALSE,FALSE,0,0,0,NA,NA,NA,0,NA,"T",42,"CLUSTER2"
2019-12-17,"T43",0,FALSE,FALSE,FALSE,0,0,0,NA,NA,NA,0,NA,"T",43,"CLUSTER2"
2019-12-17,"T44",0,FALSE,FALSE,TRUE,0,0,0,0,0,0,0,NA,"T",44,"CLUSTER2"
2019-12-17,"T45",0,FALSE,FALSE,FALSE,0,0,0,NA,NA,NA,0,NA,"T",45,"CLUSTER2"
2020-03-10,"T24",0,FALSE,FALSE,TRUE,0,0,0,0,0,0,0,0,"T",24,"CLUSTER2"
2020-03-10,"T25",0,FALSE,FALSE,FALSE,0,0,0,NA,NA,NA,0,0,"T",25,"CLUSTER2"
2020-03-10,"T26",0,FALSE,FALSE,FALSE,0,0,0,NA,NA,NA,0,0,"T",26,"CLUSTER2"
2020-03-10,"T27",0,FALSE,FALSE,FALSE,0,0,0,NA,NA,NA,0,0,"T",27,"CLUSTER2"
2020-03-10,"T28",0,FALSE,FALSE,FALSE,0,0,0,NA,NA,NA,0,0,"T",28,"CLUSTER2"
2020-03-10,"T29",0,FALSE,FALSE,TRUE,0,0,0,0,0,0,0,0,"T",29,"CLUSTER2"
2020-03-10,"T30",0,FALSE,FALSE,FALSE,0,0,0,NA,NA,NA,0,0,"T",30,"CLUSTER2"
2020-03-10,"T31",0,FALSE,FALSE,FALSE,0,0,0,NA,NA,NA,0,0,"T",31,"CLUSTER2"
2020-03-10,"T32",0,FALSE,FALSE,TRUE,0,0,0,0,0,0,0,0,"T",32,"CLUSTER2"
2020-03-10,"T33",0,FALSE,FALSE,FALSE,0,0,0,NA,NA,NA,0,0,"T",33,"CLUSTER2"
2020-03-10,"T34",0,FALSE,FALSE,FALSE,0,0,0,NA,NA,NA,0,0,"T",34,"CLUSTER2"
2020-03-10,"T35",0,FALSE,FALSE,FALSE,0,0,0,NA,NA,NA,0,0,"T",35,"CLUSTER2"
2020-03-10,"T36",0,FALSE,FALSE,TRUE,0,0,0,0,0,0,0,0,"T",36,"CLUSTER2"
2020-03-10,"T37",0,FALSE,FALSE,FALSE,0,0,0,NA,NA,NA,0,0,"T",37,"CLUSTER2"
2020-03-10,"T38",0,FALSE,FALSE,FALSE,0,0,0,NA,NA,NA,0,0,"T",38,"CLUSTER2"
2020-03-10,"T39",0,FALSE,FALSE,FALSE,0,0,0,NA,NA,NA,0,0,"T",39,"CLUSTER2"
2020-03-10,"T40",0,FALSE,FALSE,FALSE,0,0,0,NA,NA,NA,0,0,"T",40,"CLUSTER2"
2020-03-10,"T41",0,FALSE,FALSE,FALSE,0,0,0,NA,NA,NA,0,0,"T",41,"CLUSTER2"
2020-03-10,"T42",0,FALSE,FALSE,FALSE,0,0,0,NA,NA,NA,0,0,"T",42,"CLUSTER2"
2020-03-10,"T43",0,FALSE,FALSE,FALSE,0,0,0,NA,NA,NA,0,0,"T",43,"CLUSTER2"
2020-03-10,"T44",0,FALSE,FALSE,FALSE,0,0,0,NA,NA,NA,0,0,"T",44,"CLUSTER2"
2020-03-10,"T45",0,FALSE,FALSE,TRUE,0,0,0,0,0,0,0,0,"T",45,"CLUSTER2"
2020-03-10,"T16",0,FALSE,FALSE,FALSE,0,0,0,NA,NA,NA,0,0,"T",16,"CLUSTER2"
2020-03-10,"T17",0,FALSE,FALSE,FALSE,0,0,0,NA,NA,NA,0,0,"T",17,"CLUSTER2"
2020-03-10,"T18",0,FALSE,FALSE,FALSE,0,0,0,NA,NA,NA,0,0,"T",18,"CLUSTER2"
2020-03-10,"T19",0,FALSE,FALSE,FALSE,0,0,0,NA,NA,NA,0,0,"T",19,"CLUSTER2"
2020-03-10,"T20",0,FALSE,FALSE,FALSE,0,0,0,NA,NA,NA,0,0,"T",20,"CLUSTER2"
2020-03-10,"T21",0,FALSE,FALSE,FALSE,0,0,0,NA,NA,NA,0,0,"T",21,"CLUSTER2"
2020-03-10,"T22",0,FALSE,FALSE,FALSE,0,0,0,NA,NA,NA,0,0,"T",22,"CLUSTER2"
2020-03-10,"T23",0,FALSE,FALSE,TRUE,0,0,0,0,0,0,0,0,"T",23,"CLUSTER2"
2020-03-17,"T16",0,FALSE,FALSE,FALSE,0,0,0,NA,NA,NA,0,0,"T",16,"CLUSTER2"
2020-03-17,"T17",0,FALSE,FALSE,FALSE,0,0,0,NA,NA,NA,0,0,"T",17,"CLUSTER2"
2020-03-17,"T18",NA,TRUE,FALSE,FALSE,NA,NA,0,NA,NA,NA,0,0,"T",18,"CLUSTER2"
2020-03-17,"T19",0,FALSE,FALSE,FALSE,0,0,0,NA,NA,NA,0,0,"T",19,"CLUSTER2"
2020-03-17,"T20",NA,TRUE,FALSE,FALSE,NA,NA,NA,NA,NA,NA,0,0,"T",20,"CLUSTER2"
2020-03-17,"T21",0,FALSE,FALSE,FALSE,0,0,0,NA,NA,NA,0,0,"T",21,"CLUSTER2"
2020-03-17,"T22",0,FALSE,FALSE,FALSE,0,0,0,NA,NA,NA,0,0,"T",22,"CLUSTER2"
2020-03-17,"T23",0,FALSE,FALSE,FALSE,0,0,0,NA,NA,NA,0,0,"T",23,"CLUSTER2"
2020-03-17,"T24",0,FALSE,FALSE,TRUE,0,0,0,0,0,0,0,0,"T",24,"CLUSTER2"
2020-03-17,"T25",0,FALSE,FALSE,TRUE,0,0,0,0,0,0,0,0,"T",25,"CLUSTER2"
2020-03-17,"T26",0,FALSE,FALSE,FALSE,0,0,0,NA,NA,NA,0,0,"T",26,"CLUSTER2"
2020-03-17,"T27",0,FALSE,FALSE,FALSE,0,0,0,NA,NA,NA,0,0,"T",27,"CLUSTER2"
2020-03-17,"T28",0,FALSE,FALSE,FALSE,0,0,0,NA,NA,NA,0,0,"T",28,"CLUSTER2"
2020-03-17,"T29",0,FALSE,FALSE,FALSE,0,0,0,NA,NA,NA,0,0,"T",29,"CLUSTER2"
2020-03-17,"T30",0,FALSE,FALSE,FALSE,0,0,0,NA,NA,NA,0,0,"T",30,"CLUSTER2"
2020-03-17,"T31",7,FALSE,FALSE,FALSE,7,0,0,NA,NA,NA,0,0,"T",31,"CLUSTER2"
2020-03-17,"T32",0,FALSE,FALSE,TRUE,0,0,0,0,0,0,0,0,"T",32,"CLUSTER2"
2020-03-17,"T33",0,FALSE,FALSE,TRUE,0,0,0,0,0,0,0,0,"T",33,"CLUSTER2"
2020-03-17,"T34",0,FALSE,FALSE,TRUE,0,0,0,0,0,0,0,0,"T",34,"CLUSTER2"
2020-03-17,"T35",0,FALSE,FALSE,TRUE,0,0,0,0,0,0,0,0,"T",35,"CLUSTER2"
2020-03-17,"T36",0,FALSE,FALSE,FALSE,0,0,0,NA,NA,NA,0,0,"T",36,"CLUSTER2"
2020-03-17,"T37",0,FALSE,FALSE,FALSE,0,0,0,NA,NA,NA,0,0,"T",37,"CLUSTER2"
2020-03-17,"T38",0,FALSE,FALSE,FALSE,0,0,0,NA,NA,NA,0,0,"T",38,"CLUSTER2"
2020-03-17,"T39",0,FALSE,FALSE,FALSE,0,0,0,NA,NA,NA,0,0,"T",39,"CLUSTER2"
2020-03-17,"T40",0,FALSE,FALSE,FALSE,0,0,0,NA,NA,NA,0,0,"T",40,"CLUSTER2"
2020-03-17,"T41",0,FALSE,FALSE,TRUE,0,0,0,0,0,0,0,0,"T",41,"CLUSTER2"
2020-03-17,"T42",0,FALSE,FALSE,FALSE,0,0,0,NA,NA,NA,0,0,"T",42,"CLUSTER2"
2020-03-17,"T43",0,FALSE,FALSE,FALSE,0,0,0,NA,NA,NA,0,0,"T",43,"CLUSTER2"
2020-03-17,"T44",0,FALSE,FALSE,FALSE,0,0,0,NA,NA,NA,0,0,"T",44,"CLUSTER2"
2020-03-17,"T45",0,FALSE,FALSE,TRUE,0,0,0,0,0,0,0,0,"T",45,"CLUSTER2"
2020-03-24,"T16",0,FALSE,FALSE,TRUE,0,0,0,0,0,0,0,0,"T",16,"CLUSTER2"
2020-03-24,"T17",0,FALSE,FALSE,FALSE,0,0,0,NA,NA,NA,0,0,"T",17,"CLUSTER2"
2020-03-24,"T18",0,FALSE,FALSE,TRUE,0,0,0,0,0,0,0,0,"T",18,"CLUSTER2"
2020-03-24,"T19",0,FALSE,FALSE,TRUE,0,0,0,0,0,0,0,0,"T",19,"CLUSTER2"
2020-03-24,"T20",NA,TRUE,FALSE,FALSE,NA,NA,NA,NA,NA,NA,0,0,"T",20,"CLUSTER2"
2020-03-24,"T21",0,FALSE,FALSE,FALSE,0,0,0,NA,NA,NA,0,0,"T",21,"CLUSTER2"
2020-03-24,"T22",NA,TRUE,FALSE,FALSE,NA,NA,NA,NA,NA,NA,0,0,"T",22,"CLUSTER2"
2020-03-24,"T23",0,FALSE,FALSE,FALSE,0,0,0,NA,NA,NA,0,0,"T",23,"CLUSTER2"
2020-03-24,"T24",0,FALSE,FALSE,FALSE,0,0,0,NA,NA,NA,0,0,"T",24,"CLUSTER2"
2020-03-24,"T25",0,FALSE,FALSE,FALSE,0,0,0,NA,NA,NA,0,0,"T",25,"CLUSTER2"
2020-03-24,"T26",40,FALSE,FALSE,FALSE,35,0,5,NA,NA,NA,0,0,"T",26,"CLUSTER2"
2020-03-24,"T27",0,FALSE,FALSE,TRUE,0,0,0,0,0,0,0,0,"T",27,"CLUSTER2"
2020-03-24,"T28",0,FALSE,FALSE,TRUE,0,0,0,0,0,0,0,0,"T",28,"CLUSTER2"
2020-03-24,"T29",12,FALSE,FALSE,FALSE,6,0,6,NA,NA,NA,0,0,"T",29,"CLUSTER2"
2020-03-24,"T30",0,FALSE,FALSE,FALSE,0,0,0,NA,NA,NA,0,0,"T",30,"CLUSTER2"
2020-03-24,"T31",0,FALSE,FALSE,FALSE,0,0,0,NA,NA,NA,0,0,"T",31,"CLUSTER2"
2020-03-24,"T32",0,FALSE,FALSE,FALSE,0,0,0,NA,NA,NA,0,0,"T",32,"CLUSTER2"
2020-03-24,"T33",0,FALSE,FALSE,FALSE,0,0,0,NA,NA,NA,0,0,"T",33,"CLUSTER2"
2020-03-24,"T34",0,FALSE,FALSE,FALSE,0,0,0,NA,NA,NA,0,0,"T",34,"CLUSTER2"
2020-03-24,"T35",0,FALSE,FALSE,FALSE,0,0,0,NA,NA,NA,0,0,"T",35,"CLUSTER2"
2020-03-24,"T36",0,FALSE,FALSE,FALSE,0,0,0,NA,NA,NA,0,0,"T",36,"CLUSTER2"
2020-03-24,"T37",0,FALSE,FALSE,FALSE,0,0,0,NA,NA,NA,0,0,"T",37,"CLUSTER2"
2020-03-24,"T38",0,FALSE,FALSE,FALSE,0,0,0,NA,NA,NA,0,0,"T",38,"CLUSTER2"
2020-03-24,"T39",0,FALSE,FALSE,TRUE,0,0,0,0,0,0,0,0,"T",39,"CLUSTER2"
2020-03-24,"T40",0,FALSE,FALSE,FALSE,0,0,0,NA,NA,NA,0,0,"T",40,"CLUSTER2"
2020-03-24,"T41",0,FALSE,FALSE,FALSE,0,0,0,NA,NA,NA,0,0,"T",41,"CLUSTER2"
2020-03-24,"T42",0,FALSE,FALSE,TRUE,0,0,0,0,0,0,0,0,"T",42,"CLUSTER2"
2020-03-24,"T43",0,FALSE,FALSE,FALSE,0,0,0,NA,NA,NA,0,0,"T",43,"CLUSTER2"
2020-03-24,"T44",0,FALSE,FALSE,TRUE,0,0,0,0,0,0,0,0,"T",44,"CLUSTER2"
2020-03-24,"T45",0,FALSE,FALSE,FALSE,0,0,0,NA,NA,NA,0,0,"T",45,"CLUSTER2"
2020-03-31,"T16",0,FALSE,FALSE,FALSE,0,0,0,NA,NA,NA,0,0,"T",16,"CLUSTER2"
2020-03-31,"T17",0,FALSE,FALSE,FALSE,0,0,0,NA,NA,NA,0,0,"T",17,"CLUSTER2"
2020-03-31,"T18",0,FALSE,FALSE,FALSE,0,0,0,NA,NA,NA,0,0,"T",18,"CLUSTER2"
2020-03-31,"T19",0,FALSE,FALSE,TRUE,0,0,0,0,0,0,0,0,"T",19,"CLUSTER2"
2020-03-31,"T20",0,FALSE,FALSE,FALSE,0,0,0,NA,NA,NA,0,0,"T",20,"CLUSTER2"
2020-03-31,"T21",0,FALSE,FALSE,FALSE,0,0,0,NA,NA,NA,0,0,"T",21,"CLUSTER2"
2020-03-31,"T22",NA,TRUE,FALSE,FALSE,NA,NA,NA,NA,NA,NA,0,0,"T",22,"CLUSTER2"
2020-03-31,"T23",0,FALSE,FALSE,FALSE,0,0,0,NA,NA,NA,0,0,"T",23,"CLUSTER2"
2020-03-31,"T24",0,FALSE,FALSE,FALSE,0,0,0,NA,NA,NA,0,0,"T",24,"CLUSTER2"
2020-03-31,"T25",0,FALSE,FALSE,TRUE,0,0,0,0,0,0,0,0,"T",25,"CLUSTER2"
2020-03-31,"T26",16,FALSE,FALSE,FALSE,14,1,1,NA,NA,NA,1,0.0625,"T",26,"CLUSTER2"
2020-03-31,"T27",0,FALSE,FALSE,TRUE,0,0,0,0,0,0,0,0,"T",27,"CLUSTER2"
2020-03-31,"T28",7,FALSE,FALSE,TRUE,7,0,0,1,0,0,1,0.142857143,"T",28,"CLUSTER2"
2020-03-31,"T29",0,FALSE,FALSE,TRUE,0,0,0,0,0,0,0,0,"T",29,"CLUSTER2"
2020-03-31,"T30",0,FALSE,FALSE,FALSE,0,0,0,NA,NA,NA,0,0,"T",30,"CLUSTER2"
2020-03-31,"T31",8,FALSE,FALSE,TRUE,6,0,2,3,2,0,5,0.625,"T",31,"CLUSTER2"
2020-03-31,"T32",0,FALSE,FALSE,FALSE,0,0,0,NA,NA,NA,0,0,"T",32,"CLUSTER2"
2020-03-31,"T33",0,FALSE,FALSE,TRUE,0,0,0,0,0,0,0,0,"T",33,"CLUSTER2"
2020-03-31,"T34",0,FALSE,FALSE,FALSE,0,0,0,NA,NA,NA,0,0,"T",34,"CLUSTER2"
2020-03-31,"T35",0,FALSE,FALSE,FALSE,0,0,0,NA,NA,NA,0,0,"T",35,"CLUSTER2"
2020-03-31,"T36",0,FALSE,FALSE,FALSE,0,0,0,NA,NA,NA,0,0,"T",36,"CLUSTER2"
2020-03-31,"T37",0,FALSE,FALSE,FALSE,0,0,0,NA,NA,NA,0,0,"T",37,"CLUSTER2"
2020-03-31,"T38",0,FALSE,FALSE,FALSE,0,0,0,NA,NA,NA,0,0,"T",38,"CLUSTER2"
2020-03-31,"T39",NA,TRUE,FALSE,FALSE,NA,NA,NA,NA,NA,NA,0,0,"T",39,"CLUSTER2"
2020-03-31,"T40",0,FALSE,FALSE,FALSE,0,0,0,NA,NA,NA,0,0,"T",40,"CLUSTER2"
2020-03-31,"T41",0,FALSE,FALSE,TRUE,0,0,0,0,0,0,0,0,"T",41,"CLUSTER2"
2020-03-31,"T42",0,FALSE,FALSE,FALSE,0,0,0,NA,NA,NA,0,0,"T",42,"CLUSTER2"
2020-03-31,"T43",0,FALSE,FALSE,FALSE,0,0,0,NA,NA,NA,0,0,"T",43,"CLUSTER2"
2020-03-31,"T44",0,FALSE,FALSE,FALSE,0,0,0,NA,NA,NA,0,0,"T",44,"CLUSTER2"
2020-03-31,"T45",0,FALSE,FALSE,FALSE,0,0,0,NA,NA,NA,0,0,"T",45,"CLUSTER2"
2020-04-07,"T16",0,FALSE,FALSE,TRUE,0,0,0,0,0,0,0,0,"T",16,"CLUSTER2"
2020-04-07,"T17",0,FALSE,FALSE,TRUE,0,0,0,0,0,0,0,0,"T",17,"CLUSTER2"
2020-04-07,"T18",0,FALSE,FALSE,FALSE,0,0,0,NA,NA,NA,0,0,"T",18,"CLUSTER2"
2020-04-07,"T19",0,FALSE,FALSE,FALSE,0,0,0,NA,NA,NA,0,0,"T",19,"CLUSTER2"
2020-04-07,"T20",0,FALSE,FALSE,TRUE,0,0,0,0,0,0,0,0,"T",20,"CLUSTER2"
2020-04-07,"T21",0,FALSE,FALSE,FALSE,0,0,0,NA,NA,NA,0,0,"T",21,"CLUSTER2"
2020-04-07,"T22",NA,TRUE,FALSE,FALSE,NA,NA,NA,NA,NA,NA,0,0,"T",22,"CLUSTER2"
2020-04-07,"T23",0,FALSE,FALSE,FALSE,0,0,0,NA,NA,NA,0,0,"T",23,"CLUSTER2"
2020-04-07,"T24",0,FALSE,FALSE,FALSE,0,0,0,NA,NA,NA,0,0,"T",24,"CLUSTER2"
2020-04-07,"T25",0,FALSE,FALSE,FALSE,0,0,0,NA,NA,NA,0,0,"T",25,"CLUSTER2"
2020-04-07,"T26",5,FALSE,FALSE,TRUE,5,0,0,4,1,0,5,1,"T",26,"CLUSTER2"
2020-04-07,"T27",0,FALSE,FALSE,TRUE,0,0,0,0,0,0,0,0,"T",27,"CLUSTER2"
2020-04-07,"T28",0,FALSE,FALSE,FALSE,0,0,0,NA,NA,NA,0,0,"T",28,"CLUSTER2"
2020-04-07,"T29",0,FALSE,FALSE,TRUE,0,0,0,0,0,0,0,0,"T",29,"CLUSTER2"
2020-04-07,"T30",0,FALSE,FALSE,FALSE,0,0,0,NA,NA,NA,0,0,"T",30,"CLUSTER2"
2020-04-07,"T31",3,FALSE,FALSE,FALSE,3,0,0,NA,NA,NA,0,0,"T",31,"CLUSTER2"
2020-04-07,"T32",0,FALSE,FALSE,FALSE,0,0,0,NA,NA,NA,0,0,"T",32,"CLUSTER2"
2020-04-07,"T33",0,FALSE,FALSE,FALSE,0,0,0,NA,NA,NA,0,0,"T",33,"CLUSTER2"
2020-04-07,"T34",0,FALSE,FALSE,FALSE,0,0,0,NA,NA,NA,0,0,"T",34,"CLUSTER2"
2020-04-07,"T35",NA,TRUE,FALSE,FALSE,NA,NA,NA,NA,NA,NA,0,0,"T",35,"CLUSTER2"
2020-04-07,"T36",0,FALSE,FALSE,TRUE,0,0,0,0,0,0,0,0,"T",36,"CLUSTER2"
2020-04-07,"T37",0,FALSE,FALSE,FALSE,0,0,0,NA,NA,NA,0,0,"T",37,"CLUSTER2"
2020-04-07,"T38",0,FALSE,FALSE,TRUE,0,0,0,0,0,0,0,0,"T",38,"CLUSTER2"
2020-04-07,"T39",0,FALSE,FALSE,FALSE,0,0,0,NA,NA,NA,0,0,"T",39,"CLUSTER2"
2020-04-07,"T40",0,FALSE,FALSE,FALSE,0,0,0,NA,NA,NA,0,0,"T",40,"CLUSTER2"
2020-04-07,"T41",0,FALSE,FALSE,TRUE,0,0,0,0,0,0,0,0,"T",41,"CLUSTER2"
2020-04-07,"T42",0,FALSE,FALSE,FALSE,0,0,0,NA,NA,NA,0,0,"T",42,"CLUSTER2"
2020-04-07,"T43",0,FALSE,FALSE,FALSE,0,0,0,NA,NA,NA,0,0,"T",43,"CLUSTER2"
2020-04-07,"T44",0,FALSE,FALSE,FALSE,0,0,0,NA,NA,NA,0,0,"T",44,"CLUSTER2"
2020-04-07,"T45",0,FALSE,FALSE,FALSE,0,0,0,NA,NA,NA,0,0,"T",45,"CLUSTER2"
2020-04-14,"T16",0,FALSE,FALSE,TRUE,0,0,0,0,0,0,0,0,"T",16,"CLUSTER2"
2020-04-14,"T17",0,FALSE,FALSE,TRUE,0,0,0,0,0,0,0,0,"T",17,"CLUSTER2"
2020-04-14,"T18",0,FALSE,FALSE,FALSE,0,0,0,NA,NA,NA,0,0,"T",18,"CLUSTER2"
2020-04-14,"T19",0,FALSE,FALSE,FALSE,0,0,0,NA,NA,NA,0,0,"T",19,"CLUSTER2"
2020-04-14,"T20",0,FALSE,FALSE,FALSE,0,0,0,NA,NA,NA,0,0,"T",20,"CLUSTER2"
2020-04-14,"T21",0,FALSE,FALSE,FALSE,0,0,0,NA,NA,NA,0,0,"T",21,"CLUSTER2"
2020-04-14,"T22",0,FALSE,FALSE,FALSE,0,0,0,NA,NA,NA,0,0,"T",22,"CLUSTER2"
2020-04-14,"T23",0,FALSE,FALSE,FALSE,0,0,0,NA,NA,NA,0,0,"T",23,"CLUSTER2"
2020-04-14,"T24",0,FALSE,FALSE,FALSE,0,0,0,NA,NA,NA,0,0,"T",24,"CLUSTER2"
2020-04-14,"T25",0,FALSE,FALSE,TRUE,0,0,0,0,0,0,0,0,"T",25,"CLUSTER2"
2020-04-14,"T26",91,FALSE,FALSE,TRUE,86,0,5,61,11,2,74,0.813186813,"T",26,"CLUSTER2"
2020-04-14,"T27",0,FALSE,FALSE,FALSE,0,0,0,NA,NA,NA,0,0,"T",27,"CLUSTER2"
2020-04-14,"T28",0,FALSE,FALSE,TRUE,0,0,0,0,0,0,0,0,"T",28,"CLUSTER2"
2020-04-14,"T29",0,FALSE,FALSE,TRUE,0,0,0,0,0,0,0,0,"T",29,"CLUSTER2"
2020-04-14,"T30",0,FALSE,FALSE,FALSE,0,0,0,NA,NA,NA,0,0,"T",30,"CLUSTER2"
2020-04-14,"T31",0,FALSE,FALSE,FALSE,0,0,0,NA,NA,NA,0,0,"T",31,"CLUSTER2"
2020-04-14,"T32",0,FALSE,FALSE,FALSE,0,0,0,NA,NA,NA,0,0,"T",32,"CLUSTER2"
2020-04-14,"T33",0,FALSE,FALSE,TRUE,0,0,0,0,0,0,0,0,"T",33,"CLUSTER2"
2020-04-14,"T34",0,FALSE,FALSE,FALSE,0,0,0,NA,NA,NA,0,0,"T",34,"CLUSTER2"
2020-04-14,"T35",0,FALSE,FALSE,TRUE,0,0,0,0,0,0,0,0,"T",35,"CLUSTER2"
2020-04-14,"T36",0,FALSE,FALSE,TRUE,0,0,0,0,0,0,0,0,"T",36,"CLUSTER2"
2020-04-14,"T37",0,FALSE,FALSE,TRUE,0,0,0,0,0,0,0,0,"T",37,"CLUSTER2"
2020-04-14,"T38",0,FALSE,FALSE,FALSE,0,0,0,NA,NA,NA,0,0,"T",38,"CLUSTER2"
2020-04-14,"T39",0,FALSE,FALSE,FALSE,0,0,0,NA,NA,NA,0,0,"T",39,"CLUSTER2"
2020-04-14,"T40",0,FALSE,FALSE,FALSE,0,0,0,NA,NA,NA,0,0,"T",40,"CLUSTER2"
2020-04-14,"T41",0,FALSE,FALSE,FALSE,0,0,0,NA,NA,NA,0,0,"T",41,"CLUSTER2"
2020-04-14,"T42",0,FALSE,FALSE,TRUE,0,0,0,0,0,0,0,0,"T",42,"CLUSTER2"
2020-04-14,"T43",0,FALSE,FALSE,FALSE,0,0,0,NA,NA,NA,0,0,"T",43,"CLUSTER2"
2020-04-14,"T44",0,FALSE,FALSE,TRUE,0,0,0,0,0,0,0,0,"T",44,"CLUSTER2"
2020-04-14,"T45",0,FALSE,FALSE,FALSE,0,0,0,NA,NA,NA,0,0,"T",45,"CLUSTER2"
2020-05-19,"T16",0,FALSE,FALSE,TRUE,0,0,0,0,0,0,0,0,"T",16,"CLUSTER2"
2020-05-19,"T17",0,FALSE,FALSE,FALSE,0,0,1,NA,NA,NA,0,0,"T",17,"CLUSTER2"
2020-05-19,"T18",0,FALSE,FALSE,FALSE,0,0,1,NA,NA,NA,0,0,"T",18,"CLUSTER2"
2020-05-19,"T19",0,FALSE,FALSE,TRUE,0,0,0,0,0,0,0,0,"T",19,"CLUSTER2"
2020-05-19,"T20",0,FALSE,FALSE,FALSE,0,0,0,NA,NA,NA,0,0,"T",20,"CLUSTER2"
2020-05-19,"T21",0,FALSE,FALSE,TRUE,0,0,0,0,0,0,0,0,"T",21,"CLUSTER2"
2020-05-19,"T22",NA,TRUE,FALSE,FALSE,NA,NA,NA,NA,NA,NA,0,0,"T",22,"CLUSTER2"
2020-05-19,"T23",0,FALSE,FALSE,FALSE,0,0,0,NA,NA,NA,0,0,"T",23,"CLUSTER2"
2020-05-19,"T24",14,FALSE,FALSE,FALSE,6,7,1,NA,NA,NA,7,0.5,"T",24,"CLUSTER2"
2020-05-19,"T25",7,FALSE,FALSE,FALSE,0,7,0,NA,NA,NA,7,1,"T",25,"CLUSTER2"
2020-05-19,"T26",26,FALSE,FALSE,FALSE,0,26,0,NA,NA,NA,26,1,"T",26,"CLUSTER2"
2020-05-19,"T27",0,FALSE,FALSE,FALSE,0,0,0,NA,NA,NA,0,0,"T",27,"CLUSTER2"
2020-05-19,"T28",0,FALSE,FALSE,FALSE,0,0,0,NA,NA,NA,0,0,"T",28,"CLUSTER2"
2020-05-19,"T29",0,FALSE,FALSE,FALSE,0,0,0,NA,NA,NA,0,0,"T",29,"CLUSTER2"
2020-05-19,"T30",0,FALSE,FALSE,FALSE,0,0,0,NA,NA,NA,0,0,"T",30,"CLUSTER2"
2020-05-19,"T31",0,FALSE,FALSE,FALSE,0,0,0,NA,NA,NA,0,0,"T",31,"CLUSTER2"
2020-05-19,"T32",0,FALSE,FALSE,FALSE,0,0,0,NA,NA,NA,0,0,"T",32,"CLUSTER2"
2020-05-19,"T33",0,FALSE,FALSE,TRUE,0,0,0,0,0,0,0,0,"T",33,"CLUSTER2"
2020-05-19,"T34",0,FALSE,FALSE,TRUE,0,0,0,0,0,0,0,0,"T",34,"CLUSTER2"
2020-05-19,"T35",2,FALSE,FALSE,FALSE,2,0,0,NA,NA,NA,0,0,"T",35,"CLUSTER2"
2020-05-19,"T36",11,FALSE,FALSE,FALSE,11,0,0,NA,NA,NA,0,0,"T",36,"CLUSTER2"
2020-05-19,"T37",0,FALSE,FALSE,FALSE,0,0,0,NA,NA,NA,0,0,"T",37,"CLUSTER2"
2020-05-19,"T38",0,FALSE,FALSE,FALSE,0,0,0,NA,NA,NA,0,0,"T",38,"CLUSTER2"
2020-05-19,"T39",0,FALSE,FALSE,TRUE,0,0,0,0,0,0,0,0,"T",39,"CLUSTER2"
2020-05-19,"T40",0,FALSE,FALSE,TRUE,0,0,0,0,0,0,0,0,"T",40,"CLUSTER2"
2020-05-19,"T41",0,FALSE,FALSE,FALSE,0,0,0,NA,NA,NA,0,0,"T",41,"CLUSTER2"
2020-05-19,"T42",NA,TRUE,FALSE,FALSE,NA,NA,NA,NA,NA,NA,0,0,"T",42,"CLUSTER2"
2020-05-19,"T43",0,FALSE,FALSE,FALSE,0,0,0,NA,NA,NA,0,0,"T",43,"CLUSTER2"
2020-05-19,"T44",NA,TRUE,FALSE,FALSE,NA,NA,NA,NA,NA,NA,0,0,"T",44,"CLUSTER2"
2020-05-19,"T45",0,FALSE,FALSE,TRUE,0,0,0,0,0,0,0,0,"T",45,"CLUSTER2"
2020-05-26,"T16",0,FALSE,FALSE,FALSE,0,0,0,NA,NA,NA,0,0,"T",16,"CLUSTER2"
2020-05-26,"T17",4,FALSE,FALSE,TRUE,4,0,0,4,0,0,4,1,"T",17,"CLUSTER2"
2020-05-26,"T18",NA,TRUE,FALSE,FALSE,NA,NA,0,NA,NA,NA,0,0,"T",18,"CLUSTER2"
2020-05-26,"T19",15,FALSE,FALSE,FALSE,0,15,0,NA,NA,NA,15,1,"T",19,"CLUSTER2"
2020-05-26,"T20",0,FALSE,FALSE,FALSE,0,0,0,NA,NA,NA,0,0,"T",20,"CLUSTER2"
2020-05-26,"T21",0,FALSE,FALSE,FALSE,0,0,0,NA,NA,NA,0,0,"T",21,"CLUSTER2"
2020-05-26,"T22",NA,TRUE,FALSE,FALSE,NA,NA,NA,NA,NA,NA,0,0,"T",22,"CLUSTER2"
2020-05-26,"T23",2,FALSE,FALSE,TRUE,2,0,0,2,0,0,2,1,"T",23,"CLUSTER2"
2020-05-26,"T24",0,FALSE,FALSE,FALSE,0,0,0,NA,NA,NA,0,0,"T",24,"CLUSTER2"
2020-05-26,"T25",0,FALSE,FALSE,FALSE,0,0,0,NA,NA,NA,0,0,"T",25,"CLUSTER2"
2020-05-26,"T26",17,FALSE,FALSE,TRUE,7,2,8,7,0,0,9,0.529411765,"T",26,"CLUSTER2"
2020-05-26,"T27",18,FALSE,FALSE,FALSE,18,0,0,NA,NA,NA,0,0,"T",27,"CLUSTER2"
2020-05-26,"T28",0,FALSE,FALSE,FALSE,0,0,0,NA,NA,NA,0,0,"T",28,"CLUSTER2"
2020-05-26,"T29",0,FALSE,FALSE,FALSE,0,0,0,NA,NA,NA,0,0,"T",29,"CLUSTER2"
2020-05-26,"T30",8,FALSE,FALSE,FALSE,8,0,0,NA,NA,NA,0,0,"T",30,"CLUSTER2"
2020-05-26,"T31",0,FALSE,FALSE,FALSE,0,0,0,NA,NA,NA,0,0,"T",31,"CLUSTER2"
2020-05-26,"T32",0,FALSE,FALSE,TRUE,0,0,0,0,0,0,0,0,"T",32,"CLUSTER2"
2020-05-26,"T33",0,FALSE,FALSE,FALSE,0,0,0,NA,NA,NA,0,0,"T",33,"CLUSTER2"
2020-05-26,"T34",26,FALSE,FALSE,TRUE,26,0,0,20,3,0,23,0.884615385,"T",34,"CLUSTER2"
2020-05-26,"T35",0,FALSE,FALSE,FALSE,0,0,0,NA,NA,NA,0,0,"T",35,"CLUSTER2"
2020-05-26,"T36",0,FALSE,FALSE,TRUE,0,0,0,0,0,0,0,0,"T",36,"CLUSTER2"
2020-05-26,"T37",0,FALSE,FALSE,TRUE,0,0,0,0,0,0,0,0,"T",37,"CLUSTER2"
2020-05-26,"T38",0,FALSE,FALSE,FALSE,0,0,0,NA,NA,NA,0,0,"T",38,"CLUSTER2"
2020-05-26,"T39",0,FALSE,FALSE,TRUE,0,0,0,0,0,0,0,0,"T",39,"CLUSTER2"
2020-05-26,"T40",0,FALSE,FALSE,FALSE,0,0,0,NA,NA,NA,0,0,"T",40,"CLUSTER2"
2020-05-26,"T41",0,FALSE,FALSE,FALSE,0,0,0,NA,NA,NA,0,0,"T",41,"CLUSTER2"
2020-05-26,"T42",0,FALSE,FALSE,FALSE,0,0,0,NA,NA,NA,0,0,"T",42,"CLUSTER2"
2020-05-26,"T43",0,FALSE,FALSE,TRUE,0,0,0,0,0,0,0,0,"T",43,"CLUSTER2"
2020-05-26,"T44",0,FALSE,FALSE,TRUE,0,0,0,0,0,0,0,0,"T",44,"CLUSTER2"
2020-05-26,"T45",NA,TRUE,FALSE,FALSE,NA,NA,NA,NA,NA,NA,0,0,"T",45,"CLUSTER2"
2020-06-02,"T16",10,FALSE,FALSE,FALSE,10,0,0,NA,NA,NA,0,0,"T",16,"CLUSTER2"
2020-06-02,"T17",0,FALSE,FALSE,FALSE,0,0,2,NA,NA,NA,0,0,"T",17,"CLUSTER2"
2020-06-02,"T18",0,FALSE,FALSE,FALSE,0,0,2,NA,NA,NA,0,0,"T",18,"CLUSTER2"
2020-06-02,"T19",0,FALSE,FALSE,FALSE,0,0,0,NA,NA,NA,0,0,"T",19,"CLUSTER2"
2020-06-02,"T20",0,FALSE,FALSE,FALSE,0,0,0,NA,NA,NA,0,0,"T",20,"CLUSTER2"
2020-06-02,"T21",0,FALSE,FALSE,FALSE,0,0,0,NA,NA,NA,0,0,"T",21,"CLUSTER2"
2020-06-02,"T22",8,FALSE,FALSE,FALSE,6,2,0,NA,NA,NA,2,0.25,"T",22,"CLUSTER2"
2020-06-02,"T23",0,FALSE,FALSE,FALSE,0,0,0,NA,NA,NA,0,0,"T",23,"CLUSTER2"
2020-06-02,"T24",0,FALSE,FALSE,FALSE,0,0,0,NA,NA,NA,0,0,"T",24,"CLUSTER2"
2020-06-02,"T25",0,FALSE,FALSE,FALSE,0,0,0,NA,NA,NA,0,0,"T",25,"CLUSTER2"
2020-06-02,"T26",218,FALSE,FALSE,TRUE,103,108,7,107,2,1,218,1,"T",26,"CLUSTER2"
2020-06-02,"T27",5,FALSE,FALSE,TRUE,1,3,1,0,2,0,5,1,"T",27,"CLUSTER2"
2020-06-02,"T28",0,FALSE,FALSE,FALSE,0,0,0,NA,NA,NA,0,0,"T",28,"CLUSTER2"
2020-06-02,"T29",0,FALSE,FALSE,TRUE,0,0,0,0,0,0,0,0,"T",29,"CLUSTER2"
2020-06-02,"T30",0,FALSE,FALSE,FALSE,0,0,0,NA,NA,NA,0,0,"T",30,"CLUSTER2"
2020-06-02,"T31",18,FALSE,FALSE,FALSE,11,2,5,NA,NA,NA,2,0.111111111,"T",31,"CLUSTER2"
2020-06-02,"T32",0,FALSE,FALSE,FALSE,0,0,0,NA,NA,NA,0,0,"T",32,"CLUSTER2"
2020-06-02,"T33",0,FALSE,FALSE,FALSE,0,0,0,NA,NA,NA,0,0,"T",33,"CLUSTER2"
2020-06-02,"T34",0,FALSE,FALSE,FALSE,0,0,0,NA,NA,NA,0,0,"T",34,"CLUSTER2"
2020-06-02,"T35",12,FALSE,FALSE,FALSE,6,4,2,NA,NA,NA,4,0.333333333,"T",35,"CLUSTER2"
2020-06-02,"T36",66,FALSE,FALSE,TRUE,29,30,7,36,0,0,66,1,"T",36,"CLUSTER2"
2020-06-02,"T37",25,FALSE,FALSE,FALSE,21,4,0,NA,NA,NA,4,0.16,"T",37,"CLUSTER2"
2020-06-02,"T38",0,FALSE,FALSE,FALSE,0,0,0,NA,NA,NA,0,0,"T",38,"CLUSTER2"
2020-06-02,"T39",18,FALSE,FALSE,FALSE,18,0,0,NA,NA,NA,0,0,"T",39,"CLUSTER2"
2020-06-02,"T40",NA,TRUE,FALSE,FALSE,NA,NA,NA,NA,NA,NA,0,0,"T",40,"CLUSTER2"
2020-06-02,"T41",0,FALSE,FALSE,FALSE,0,0,0,NA,NA,NA,0,0,"T",41,"CLUSTER2"
2020-06-02,"T42",0,FALSE,FALSE,FALSE,0,0,0,NA,NA,NA,0,0,"T",42,"CLUSTER2"
2020-06-02,"T43",23,FALSE,FALSE,FALSE,11,7,5,NA,NA,NA,7,0.304347826,"T",43,"CLUSTER2"
2020-06-02,"T44",NA,TRUE,FALSE,FALSE,NA,NA,NA,NA,NA,NA,0,0,"T",44,"CLUSTER2"
2020-06-02,"T45",18,FALSE,FALSE,TRUE,0,18,0,0,0,0,18,1,"T",45,"CLUSTER2"
2020-06-09,"T16",0,FALSE,FALSE,TRUE,0,0,0,0,0,0,0,0,"T",16,"CLUSTER2"
2020-06-09,"T17",0,FALSE,FALSE,FALSE,0,0,0,NA,NA,NA,0,0,"T",17,"CLUSTER2"
2020-06-09,"T18",0,FALSE,FALSE,TRUE,0,0,0,0,0,0,0,0,"T",18,"CLUSTER2"
2020-06-09,"T19",15,FALSE,FALSE,FALSE,13,1,1,NA,NA,NA,1,0.066666667,"T",19,"CLUSTER2"
2020-06-09,"T20",0,FALSE,FALSE,FALSE,0,0,0,NA,NA,NA,0,0,"T",20,"CLUSTER2"
2020-06-09,"T21",0,FALSE,FALSE,FALSE,0,0,0,NA,NA,NA,0,0,"T",21,"CLUSTER2"
2020-06-09,"T22",0,FALSE,FALSE,FALSE,0,0,0,NA,NA,NA,0,0,"T",22,"CLUSTER2"
2020-06-09,"T23",0,FALSE,FALSE,FALSE,0,0,0,NA,NA,NA,0,0,"T",23,"CLUSTER2"
2020-06-09,"T24",15,FALSE,FALSE,FALSE,15,0,0,NA,NA,NA,0,0,"T",24,"CLUSTER2"
2020-06-09,"T25",0,FALSE,FALSE,TRUE,0,0,0,0,0,0,0,0,"T",25,"CLUSTER2"
2020-06-09,"T26",105,FALSE,FALSE,FALSE,65,15,25,NA,NA,NA,15,0.142857143,"T",26,"CLUSTER2"
2020-06-09,"T27",0,FALSE,FALSE,FALSE,0,0,0,NA,NA,NA,0,0,"T",27,"CLUSTER2"
2020-06-09,"T28",29,FALSE,FALSE,FALSE,22,6,1,NA,NA,NA,6,0.206896552,"T",28,"CLUSTER2"
2020-06-09,"T29",0,FALSE,FALSE,TRUE,0,0,0,0,0,0,0,0,"T",29,"CLUSTER2"
2020-06-09,"T30",2,FALSE,FALSE,FALSE,1,0,1,NA,NA,NA,0,0,"T",30,"CLUSTER2"
2020-06-09,"T31",35,FALSE,FALSE,TRUE,8,27,0,2,1,0,30,0.857142857,"T",31,"CLUSTER2"
2020-06-09,"T32",0,FALSE,FALSE,TRUE,0,0,0,0,0,0,0,0,"T",32,"CLUSTER2"
2020-06-09,"T33",0,FALSE,FALSE,FALSE,0,0,0,NA,NA,NA,0,0,"T",33,"CLUSTER2"
2020-06-09,"T34",21,FALSE,FALSE,TRUE,9,9,3,2,0,0,11,0.523809524,"T",34,"CLUSTER2"
2020-06-09,"T35",17,FALSE,FALSE,FALSE,17,0,0,NA,NA,NA,0,0,"T",35,"CLUSTER2"
2020-06-09,"T36",0,FALSE,FALSE,FALSE,0,0,0,NA,NA,NA,0,0,"T",36,"CLUSTER2"
2020-06-09,"T37",103,FALSE,FALSE,FALSE,91,10,2,NA,NA,NA,10,0.097087379,"T",37,"CLUSTER2"
2020-06-09,"T38",4,FALSE,FALSE,FALSE,4,0,0,NA,NA,NA,0,0,"T",38,"CLUSTER2"
2020-06-09,"T39",12,FALSE,FALSE,FALSE,0,12,0,NA,NA,NA,12,1,"T",39,"CLUSTER2"
2020-06-09,"T40",2,FALSE,FALSE,FALSE,0,1,1,NA,NA,NA,1,0.5,"T",40,"CLUSTER2"
2020-06-09,"T41",NA,TRUE,FALSE,FALSE,NA,NA,NA,NA,NA,NA,0,0,"T",41,"CLUSTER2"
2020-06-09,"T42",0,FALSE,FALSE,TRUE,0,0,0,0,0,0,0,0,"T",42,"CLUSTER2"
2020-06-09,"T43",0,FALSE,FALSE,FALSE,0,0,0,NA,NA,NA,0,0,"T",43,"CLUSTER2"
2020-06-09,"T44",0,FALSE,FALSE,FALSE,0,0,0,NA,NA,NA,0,0,"T",44,"CLUSTER2"
2020-06-09,"T45",87,FALSE,FALSE,FALSE,7,0,80,NA,NA,NA,0,0,"T",45,"CLUSTER2"
2020-06-16,"T16",0,FALSE,FALSE,FALSE,0,0,0,NA,NA,NA,0,0,"T",16,"CLUSTER2"
2020-06-16,"T17",0,FALSE,FALSE,TRUE,0,0,0,0,0,0,0,0,"T",17,"CLUSTER2"
2020-06-16,"T18",0,FALSE,FALSE,TRUE,0,0,0,0,0,0,0,0,"T",18,"CLUSTER2"
2020-06-16,"T19",0,FALSE,FALSE,FALSE,0,0,0,NA,NA,NA,0,0,"T",19,"CLUSTER2"
2020-06-16,"T20",0,FALSE,FALSE,FALSE,0,0,0,NA,NA,NA,0,0,"T",20,"CLUSTER2"
2020-06-16,"T21",4,FALSE,FALSE,TRUE,4,0,0,4,0,0,4,1,"T",21,"CLUSTER2"
2020-06-16,"T22",0,FALSE,FALSE,FALSE,0,0,0,NA,NA,NA,0,0,"T",22,"CLUSTER2"
2020-06-16,"T23",NA,TRUE,FALSE,FALSE,NA,NA,NA,NA,NA,NA,0,0,"T",23,"CLUSTER2"
2020-06-16,"T24",0,FALSE,FALSE,FALSE,0,0,0,NA,NA,NA,0,0,"T",24,"CLUSTER2"
2020-06-16,"T25",0,FALSE,FALSE,FALSE,0,0,0,NA,NA,NA,0,0,"T",25,"CLUSTER2"
2020-06-16,"T26",140,FALSE,FALSE,FALSE,105,20,15,NA,NA,NA,20,0.142857143,"T",26,"CLUSTER2"
2020-06-16,"T27",15,FALSE,FALSE,FALSE,6,9,0,NA,NA,NA,9,0.6,"T",27,"CLUSTER2"
2020-06-16,"T28",12,FALSE,FALSE,FALSE,11,0,1,NA,NA,NA,0,0,"T",28,"CLUSTER2"
2020-06-16,"T29",0,FALSE,FALSE,TRUE,0,0,0,0,0,0,0,0,"T",29,"CLUSTER2"
2020-06-16,"T30",0,FALSE,FALSE,FALSE,0,0,0,NA,NA,NA,0,0,"T",30,"CLUSTER2"
2020-06-16,"T31",20,FALSE,FALSE,FALSE,20,0,0,NA,NA,NA,0,0,"T",31,"CLUSTER2"
2020-06-16,"T32",10,FALSE,FALSE,FALSE,5,5,0,NA,NA,NA,5,0.5,"T",32,"CLUSTER2"
2020-06-16,"T33",34,FALSE,FALSE,FALSE,26,8,0,NA,NA,NA,8,0.235294118,"T",33,"CLUSTER2"
2020-06-16,"T34",33,FALSE,FALSE,FALSE,33,0,0,NA,NA,NA,0,0,"T",34,"CLUSTER2"
2020-06-16,"T35",56,FALSE,FALSE,FALSE,49,7,0,NA,NA,NA,7,0.125,"T",35,"CLUSTER2"
2020-06-16,"T36",12,FALSE,FALSE,FALSE,12,0,0,NA,NA,NA,0,0,"T",36,"CLUSTER2"
2020-06-16,"T37",33,FALSE,FALSE,TRUE,19,14,0,12,0,0,26,0.787878788,"T",37,"CLUSTER2"
2020-06-16,"T38",0,FALSE,FALSE,TRUE,0,0,0,0,0,0,0,0,"T",38,"CLUSTER2"
2020-06-16,"T39",1,FALSE,FALSE,FALSE,1,0,0,NA,NA,NA,0,0,"T",39,"CLUSTER2"
2020-06-16,"T40",9,FALSE,FALSE,FALSE,8,0,1,NA,NA,NA,0,0,"T",40,"CLUSTER2"
2020-06-16,"T41",0,FALSE,FALSE,FALSE,0,0,0,NA,NA,NA,0,0,"T",41,"CLUSTER2"
2020-06-16,"T42",0,FALSE,FALSE,FALSE,0,0,0,NA,NA,NA,0,0,"T",42,"CLUSTER2"
2020-06-16,"T43",4,FALSE,FALSE,TRUE,4,0,0,3,0,0,3,0.75,"T",43,"CLUSTER2"
2020-06-16,"T44",6,FALSE,FALSE,FALSE,6,0,0,NA,NA,NA,0,0,"T",44,"CLUSTER2"
2020-06-16,"T45",0,FALSE,FALSE,TRUE,0,0,0,0,0,0,0,0,"T",45,"CLUSTER2"
2020-06-23,"T16",27,FALSE,FALSE,FALSE,27,0,0,NA,NA,NA,0,0,"T",16,"CLUSTER2"
2020-06-23,"T17",0,FALSE,FALSE,TRUE,0,0,0,0,0,0,0,0,"T",17,"CLUSTER2"
2020-06-23,"T18",0,FALSE,FALSE,FALSE,0,0,0,NA,NA,NA,0,0,"T",18,"CLUSTER2"
2020-06-23,"T19",13,FALSE,FALSE,FALSE,13,0,0,NA,NA,NA,0,0,"T",19,"CLUSTER2"
2020-06-23,"T20",0,FALSE,FALSE,TRUE,0,0,0,0,0,0,0,0,"T",20,"CLUSTER2"
2020-06-23,"T21",0,FALSE,FALSE,FALSE,0,0,0,NA,NA,NA,0,0,"T",21,"CLUSTER2"
2020-06-23,"T22",0,FALSE,FALSE,FALSE,0,0,0,NA,NA,NA,0,0,"T",22,"CLUSTER2"
2020-06-23,"T23",25,FALSE,FALSE,TRUE,25,0,0,6,2,0,8,0.32,"T",23,"CLUSTER2"
2020-06-23,"T24",0,FALSE,FALSE,TRUE,0,0,0,0,0,0,0,0,"T",24,"CLUSTER2"
2020-06-23,"T25",0,FALSE,FALSE,FALSE,0,0,0,NA,NA,NA,0,0,"T",25,"CLUSTER2"
2020-06-23,"T26",7,FALSE,FALSE,TRUE,7,0,0,4,0,0,4,0.571428571,"T",26,"CLUSTER2"
2020-06-23,"T27",0,FALSE,FALSE,FALSE,0,0,0,NA,NA,NA,0,0,"T",27,"CLUSTER2"
2020-06-23,"T28",19,FALSE,FALSE,FALSE,14,5,0,NA,NA,NA,5,0.263157895,"T",28,"CLUSTER2"
2020-06-23,"T29",0,FALSE,FALSE,TRUE,0,0,0,0,0,0,0,0,"T",29,"CLUSTER2"
2020-06-23,"T30",0,FALSE,FALSE,FALSE,0,0,0,NA,NA,NA,0,0,"T",30,"CLUSTER2"
2020-06-23,"T31",27,FALSE,FALSE,FALSE,27,0,0,NA,NA,NA,0,0,"T",31,"CLUSTER2"
2020-06-23,"T32",0,FALSE,FALSE,FALSE,0,0,0,NA,NA,NA,0,0,"T",32,"CLUSTER2"
2020-06-23,"T33",0,FALSE,FALSE,TRUE,0,0,0,0,0,0,0,0,"T",33,"CLUSTER2"
2020-06-23,"T34",47,FALSE,FALSE,FALSE,33,1,13,NA,NA,NA,1,0.021276596,"T",34,"CLUSTER2"
2020-06-23,"T35",32,FALSE,FALSE,FALSE,30,1,1,NA,NA,NA,1,0.03125,"T",35,"CLUSTER2"
2020-06-23,"T36",62,FALSE,FALSE,FALSE,58,2,2,NA,NA,NA,2,0.032258065,"T",36,"CLUSTER2"
2020-06-23,"T37",3,FALSE,FALSE,FALSE,0,3,0,NA,NA,NA,3,1,"T",37,"CLUSTER2"
2020-06-23,"T38",0,FALSE,FALSE,FALSE,0,0,0,NA,NA,NA,0,0,"T",38,"CLUSTER2"
2020-06-23,"T39",0,FALSE,FALSE,FALSE,0,0,0,NA,NA,NA,0,0,"T",39,"CLUSTER2"
2020-06-23,"T40",3,FALSE,FALSE,FALSE,3,0,0,NA,NA,NA,0,0,"T",40,"CLUSTER2"
2020-06-23,"T41",0,FALSE,FALSE,FALSE,0,0,0,NA,NA,NA,0,0,"T",41,"CLUSTER2"
2020-06-23,"T42",6,FALSE,FALSE,TRUE,3,3,0,2,0,0,5,0.833333333,"T",42,"CLUSTER2"
2020-06-23,"T43",0,FALSE,FALSE,TRUE,0,0,0,0,0,0,0,0,"T",43,"CLUSTER2"
2020-06-23,"T44",0,FALSE,FALSE,FALSE,0,0,0,NA,NA,NA,0,0,"T",44,"CLUSTER2"
2020-06-23,"T45",NA,TRUE,FALSE,FALSE,NA,NA,NA,NA,NA,NA,0,0,"T",45,"CLUSTER2"
2020-05-19,"T16",0,FALSE,FALSE,TRUE,0,0,0,0,0,0,0,0,"T",16,"CLUSTER2"
2020-05-19,"T17",0,FALSE,FALSE,FALSE,0,0,1,NA,NA,NA,0,0,"T",17,"CLUSTER2"
2020-05-19,"T18",0,FALSE,FALSE,FALSE,0,0,1,NA,NA,NA,0,0,"T",18,"CLUSTER2"
2020-05-19,"T19",0,FALSE,FALSE,TRUE,0,0,0,0,0,0,0,0,"T",19,"CLUSTER2"
2020-05-19,"T20",0,FALSE,FALSE,FALSE,0,0,0,NA,NA,NA,0,0,"T",20,"CLUSTER2"
2020-05-19,"T21",0,FALSE,FALSE,TRUE,0,0,0,0,0,0,0,0,"T",21,"CLUSTER2"
2020-05-19,"T22",NA,TRUE,FALSE,FALSE,NA,NA,NA,NA,NA,NA,0,0,"T",22,"CLUSTER2"
2020-05-19,"T23",0,FALSE,FALSE,FALSE,0,0,0,NA,NA,NA,0,0,"T",23,"CLUSTER2"
2020-05-19,"T24",14,FALSE,FALSE,FALSE,6,7,1,NA,NA,NA,7,0.5,"T",24,"CLUSTER2"
2020-05-19,"T25",7,FALSE,FALSE,FALSE,0,7,0,NA,NA,NA,7,1,"T",25,"CLUSTER2"
2020-05-19,"T26",26,FALSE,FALSE,FALSE,0,26,0,NA,NA,NA,26,1,"T",26,"CLUSTER2"
2020-05-19,"T27",0,FALSE,FALSE,FALSE,0,0,0,NA,NA,NA,0,0,"T",27,"CLUSTER2"
2020-05-19,"T28",0,FALSE,FALSE,FALSE,0,0,0,NA,NA,NA,0,0,"T",28,"CLUSTER2"
2020-05-19,"T29",0,FALSE,FALSE,FALSE,0,0,0,NA,NA,NA,0,0,"T",29,"CLUSTER2"
2020-05-19,"T30",0,FALSE,FALSE,FALSE,0,0,0,NA,NA,NA,0,0,"T",30,"CLUSTER2"
2020-05-19,"T31",0,FALSE,FALSE,FALSE,0,0,0,NA,NA,NA,0,0,"T",31,"CLUSTER2"
2020-05-19,"T32",0,FALSE,FALSE,FALSE,0,0,0,NA,NA,NA,0,0,"T",32,"CLUSTER2"
2020-05-19,"T33",0,FALSE,FALSE,TRUE,0,0,0,0,0,0,0,0,"T",33,"CLUSTER2"
2020-05-19,"T34",0,FALSE,FALSE,TRUE,0,0,0,0,0,0,0,0,"T",34,"CLUSTER2"
2020-05-19,"T35",2,FALSE,FALSE,FALSE,2,0,0,NA,NA,NA,0,0,"T",35,"CLUSTER2"
2020-05-19,"T36",11,FALSE,FALSE,FALSE,11,0,0,NA,NA,NA,0,0,"T",36,"CLUSTER2"
2020-05-19,"T37",0,FALSE,FALSE,FALSE,0,0,0,NA,NA,NA,0,0,"T",37,"CLUSTER2"
2020-05-19,"T38",0,FALSE,FALSE,FALSE,0,0,0,NA,NA,NA,0,0,"T",38,"CLUSTER2"
2020-05-19,"T39",0,FALSE,FALSE,TRUE,0,0,0,0,0,0,0,0,"T",39,"CLUSTER2"
2020-05-19,"T40",0,FALSE,FALSE,TRUE,0,0,0,0,0,0,0,0,"T",40,"CLUSTER2"
2020-05-19,"T41",0,FALSE,FALSE,FALSE,0,0,0,NA,NA,NA,0,0,"T",41,"CLUSTER2"
2020-05-19,"T42",NA,TRUE,FALSE,FALSE,NA,NA,NA,NA,NA,NA,0,0,"T",42,"CLUSTER2"
2020-05-19,"T43",0,FALSE,FALSE,FALSE,0,0,0,NA,NA,NA,0,0,"T",43,"CLUSTER2"
2020-05-19,"T44",NA,TRUE,FALSE,FALSE,NA,NA,NA,NA,NA,NA,0,0,"T",44,"CLUSTER2"
2020-05-19,"T45",0,FALSE,FALSE,TRUE,0,0,0,0,0,0,0,0,"T",45,"CLUSTER2"
2020-05-26,"T16",0,FALSE,FALSE,FALSE,0,0,0,NA,NA,NA,0,0,"T",16,"CLUSTER2"
2020-05-26,"T17",4,FALSE,FALSE,TRUE,4,0,0,4,0,0,4,1,"T",17,"CLUSTER2"
2020-05-26,"T18",NA,TRUE,FALSE,FALSE,NA,NA,0,NA,NA,NA,0,0,"T",18,"CLUSTER2"
2020-05-26,"T19",15,FALSE,FALSE,FALSE,0,15,0,NA,NA,NA,15,1,"T",19,"CLUSTER2"
2020-05-26,"T20",0,FALSE,FALSE,FALSE,0,0,0,NA,NA,NA,0,0,"T",20,"CLUSTER2"
2020-05-26,"T21",0,FALSE,FALSE,FALSE,0,0,0,NA,NA,NA,0,0,"T",21,"CLUSTER2"
2020-05-26,"T22",NA,TRUE,FALSE,FALSE,NA,NA,NA,NA,NA,NA,0,0,"T",22,"CLUSTER2"
2020-05-26,"T23",2,FALSE,FALSE,TRUE,2,0,0,2,0,0,2,1,"T",23,"CLUSTER2"
2020-05-26,"T24",0,FALSE,FALSE,FALSE,0,0,0,NA,NA,NA,0,0,"T",24,"CLUSTER2"
2020-05-26,"T25",0,FALSE,FALSE,FALSE,0,0,0,NA,NA,NA,0,0,"T",25,"CLUSTER2"
2020-05-26,"T26",17,FALSE,FALSE,TRUE,7,2,8,7,0,0,9,0.529411765,"T",26,"CLUSTER2"
2020-05-26,"T27",18,FALSE,FALSE,FALSE,18,0,0,NA,NA,NA,0,0,"T",27,"CLUSTER2"
2020-05-26,"T28",0,FALSE,FALSE,FALSE,0,0,0,NA,NA,NA,0,0,"T",28,"CLUSTER2"
2020-05-26,"T29",0,FALSE,FALSE,FALSE,0,0,0,NA,NA,NA,0,0,"T",29,"CLUSTER2"
2020-05-26,"T30",8,FALSE,FALSE,FALSE,8,0,0,NA,NA,NA,0,0,"T",30,"CLUSTER2"
2020-05-26,"T31",0,FALSE,FALSE,FALSE,0,0,0,NA,NA,NA,0,0,"T",31,"CLUSTER2"
2020-05-26,"T32",0,FALSE,FALSE,TRUE,0,0,0,0,0,0,0,0,"T",32,"CLUSTER2"
2020-05-26,"T33",0,FALSE,FALSE,FALSE,0,0,0,NA,NA,NA,0,0,"T",33,"CLUSTER2"
2020-05-26,"T34",26,FALSE,FALSE,TRUE,26,0,0,20,3,0,23,0.884615385,"T",34,"CLUSTER2"
2020-05-26,"T35",0,FALSE,FALSE,FALSE,0,0,0,NA,NA,NA,0,0,"T",35,"CLUSTER2"
2020-05-26,"T36",0,FALSE,FALSE,TRUE,0,0,0,0,0,0,0,0,"T",36,"CLUSTER2"
2020-05-26,"T37",0,FALSE,FALSE,TRUE,0,0,0,0,0,0,0,0,"T",37,"CLUSTER2"
2020-05-26,"T38",0,FALSE,FALSE,FALSE,0,0,0,NA,NA,NA,0,0,"T",38,"CLUSTER2"
2020-05-26,"T39",0,FALSE,FALSE,TRUE,0,0,0,0,0,0,0,0,"T",39,"CLUSTER2"
2020-05-26,"T40",0,FALSE,FALSE,FALSE,0,0,0,NA,NA,NA,0,0,"T",40,"CLUSTER2"
2020-05-26,"T41",0,FALSE,FALSE,FALSE,0,0,0,NA,NA,NA,0,0,"T",41,"CLUSTER2"
2020-05-26,"T42",0,FALSE,FALSE,FALSE,0,0,0,NA,NA,NA,0,0,"T",42,"CLUSTER2"
2020-05-26,"T43",0,FALSE,FALSE,TRUE,0,0,0,0,0,0,0,0,"T",43,"CLUSTER2"
2020-05-26,"T44",0,FALSE,FALSE,TRUE,0,0,0,0,0,0,0,0,"T",44,"CLUSTER2"
2020-05-26,"T45",NA,TRUE,FALSE,FALSE,NA,NA,NA,NA,NA,NA,0,0,"T",45,"CLUSTER2"
2020-06-02,"T16",10,FALSE,FALSE,FALSE,10,0,0,NA,NA,NA,0,0,"T",16,"CLUSTER2"
2020-06-02,"T17",0,FALSE,FALSE,FALSE,0,0,2,NA,NA,NA,0,0,"T",17,"CLUSTER2"
2020-06-02,"T18",0,FALSE,FALSE,FALSE,0,0,2,NA,NA,NA,0,0,"T",18,"CLUSTER2"
2020-06-02,"T19",0,FALSE,FALSE,FALSE,0,0,0,NA,NA,NA,0,0,"T",19,"CLUSTER2"
2020-06-02,"T20",0,FALSE,FALSE,FALSE,0,0,0,NA,NA,NA,0,0,"T",20,"CLUSTER2"
2020-06-02,"T21",0,FALSE,FALSE,FALSE,0,0,0,NA,NA,NA,0,0,"T",21,"CLUSTER2"
2020-06-02,"T22",8,FALSE,FALSE,FALSE,6,2,0,NA,NA,NA,2,0.25,"T",22,"CLUSTER2"
2020-06-02,"T23",0,FALSE,FALSE,FALSE,0,0,0,NA,NA,NA,0,0,"T",23,"CLUSTER2"
2020-06-02,"T24",0,FALSE,FALSE,FALSE,0,0,0,NA,NA,NA,0,0,"T",24,"CLUSTER2"
2020-06-02,"T25",0,FALSE,FALSE,FALSE,0,0,0,NA,NA,NA,0,0,"T",25,"CLUSTER2"
2020-06-02,"T26",218,FALSE,FALSE,TRUE,103,108,7,107,2,1,218,1,"T",26,"CLUSTER2"
2020-06-02,"T27",5,FALSE,FALSE,TRUE,1,3,1,0,2,0,5,1,"T",27,"CLUSTER2"
2020-06-02,"T28",0,FALSE,FALSE,FALSE,0,0,0,NA,NA,NA,0,0,"T",28,"CLUSTER2"
2020-06-02,"T29",0,FALSE,FALSE,TRUE,0,0,0,0,0,0,0,0,"T",29,"CLUSTER2"
2020-06-02,"T30",0,FALSE,FALSE,FALSE,0,0,0,NA,NA,NA,0,0,"T",30,"CLUSTER2"
2020-06-02,"T31",18,FALSE,FALSE,FALSE,11,2,5,NA,NA,NA,2,0.111111111,"T",31,"CLUSTER2"
2020-06-02,"T32",0,FALSE,FALSE,FALSE,0,0,0,NA,NA,NA,0,0,"T",32,"CLUSTER2"
2020-06-02,"T33",0,FALSE,FALSE,FALSE,0,0,0,NA,NA,NA,0,0,"T",33,"CLUSTER2"
2020-06-02,"T34",0,FALSE,FALSE,FALSE,0,0,0,NA,NA,NA,0,0,"T",34,"CLUSTER2"
2020-06-02,"T35",12,FALSE,FALSE,FALSE,6,4,2,NA,NA,NA,4,0.333333333,"T",35,"CLUSTER2"
2020-06-02,"T36",66,FALSE,FALSE,TRUE,29,30,7,36,0,0,66,1,"T",36,"CLUSTER2"
2020-06-02,"T37",25,FALSE,FALSE,FALSE,21,4,0,NA,NA,NA,4,0.16,"T",37,"CLUSTER2"
2020-06-02,"T38",0,FALSE,FALSE,FALSE,0,0,0,NA,NA,NA,0,0,"T",38,"CLUSTER2"
2020-06-02,"T39",18,FALSE,FALSE,FALSE,18,0,0,NA,NA,NA,0,0,"T",39,"CLUSTER2"
2020-06-02,"T40",NA,TRUE,FALSE,FALSE,NA,NA,NA,NA,NA,NA,0,0,"T",40,"CLUSTER2"
2020-06-02,"T41",0,FALSE,FALSE,FALSE,0,0,0,NA,NA,NA,0,0,"T",41,"CLUSTER2"
2020-06-02,"T42",0,FALSE,FALSE,FALSE,0,0,0,NA,NA,NA,0,0,"T",42,"CLUSTER2"
2020-06-02,"T43",23,FALSE,FALSE,FALSE,11,7,5,NA,NA,NA,7,0.304347826,"T",43,"CLUSTER2"
2020-06-02,"T44",NA,TRUE,FALSE,FALSE,NA,NA,NA,NA,NA,NA,0,0,"T",44,"CLUSTER2"
2020-06-02,"T45",18,FALSE,FALSE,TRUE,0,18,0,0,0,0,18,1,"T",45,"CLUSTER2"
2020-06-09,"T16",0,FALSE,FALSE,TRUE,0,0,0,0,0,0,0,0,"T",16,"CLUSTER2"
2020-06-09,"T17",0,FALSE,FALSE,FALSE,0,0,0,NA,NA,NA,0,0,"T",17,"CLUSTER2"
2020-06-09,"T18",0,FALSE,FALSE,TRUE,0,0,0,0,0,0,0,0,"T",18,"CLUSTER2"
2020-06-09,"T19",15,FALSE,FALSE,FALSE,13,1,1,NA,NA,NA,1,0.066666667,"T",19,"CLUSTER2"
2020-06-09,"T20",0,FALSE,FALSE,FALSE,0,0,0,NA,NA,NA,0,0,"T",20,"CLUSTER2"
2020-06-09,"T21",0,FALSE,FALSE,FALSE,0,0,0,NA,NA,NA,0,0,"T",21,"CLUSTER2"
2020-06-09,"T22",0,FALSE,FALSE,FALSE,0,0,0,NA,NA,NA,0,0,"T",22,"CLUSTER2"
2020-06-09,"T23",0,FALSE,FALSE,FALSE,0,0,0,NA,NA,NA,0,0,"T",23,"CLUSTER2"
2020-06-09,"T24",15,FALSE,FALSE,FALSE,15,0,0,NA,NA,NA,0,0,"T",24,"CLUSTER2"
2020-06-09,"T25",0,FALSE,FALSE,TRUE,0,0,0,0,0,0,0,0,"T",25,"CLUSTER2"
2020-06-09,"T26",105,FALSE,FALSE,FALSE,65,15,25,NA,NA,NA,15,0.142857143,"T",26,"CLUSTER2"
2020-06-09,"T27",0,FALSE,FALSE,FALSE,0,0,0,NA,NA,NA,0,0,"T",27,"CLUSTER2"
2020-06-09,"T28",29,FALSE,FALSE,FALSE,22,6,1,NA,NA,NA,6,0.206896552,"T",28,"CLUSTER2"
2020-06-09,"T29",0,FALSE,FALSE,TRUE,0,0,0,0,0,0,0,0,"T",29,"CLUSTER2"
2020-06-09,"T30",2,FALSE,FALSE,FALSE,1,0,1,NA,NA,NA,0,0,"T",30,"CLUSTER2"
2020-06-09,"T31",35,FALSE,FALSE,TRUE,8,27,0,2,1,0,30,0.857142857,"T",31,"CLUSTER2"
2020-06-09,"T32",0,FALSE,FALSE,TRUE,0,0,0,0,0,0,0,0,"T",32,"CLUSTER2"
2020-06-09,"T33",0,FALSE,FALSE,FALSE,0,0,0,NA,NA,NA,0,0,"T",33,"CLUSTER2"
2020-06-09,"T34",21,FALSE,FALSE,TRUE,9,9,3,2,0,0,11,0.523809524,"T",34,"CLUSTER2"
2020-06-09,"T35",17,FALSE,FALSE,FALSE,17,0,0,NA,NA,NA,0,0,"T",35,"CLUSTER2"
2020-06-09,"T36",0,FALSE,FALSE,FALSE,0,0,0,NA,NA,NA,0,0,"T",36,"CLUSTER2"
2020-06-09,"T37",103,FALSE,FALSE,FALSE,91,10,2,NA,NA,NA,10,0.097087379,"T",37,"CLUSTER2"
2020-06-09,"T38",4,FALSE,FALSE,FALSE,4,0,0,NA,NA,NA,0,0,"T",38,"CLUSTER2"
2020-06-09,"T39",12,FALSE,FALSE,FALSE,0,12,0,NA,NA,NA,12,1,"T",39,"CLUSTER2"
2020-06-09,"T40",2,FALSE,FALSE,FALSE,0,1,1,NA,NA,NA,1,0.5,"T",40,"CLUSTER2"
2020-06-09,"T41",NA,TRUE,FALSE,FALSE,NA,NA,NA,NA,NA,NA,0,0,"T",41,"CLUSTER2"
2020-06-09,"T42",0,FALSE,FALSE,TRUE,0,0,0,0,0,0,0,0,"T",42,"CLUSTER2"
2020-06-09,"T43",0,FALSE,FALSE,FALSE,0,0,0,NA,NA,NA,0,0,"T",43,"CLUSTER2"
2020-06-09,"T44",0,FALSE,FALSE,FALSE,0,0,0,NA,NA,NA,0,0,"T",44,"CLUSTER2"
2020-06-09,"T45",87,FALSE,FALSE,FALSE,7,0,80,NA,NA,NA,0,0,"T",45,"CLUSTER2"
2020-06-16,"T16",0,FALSE,FALSE,FALSE,0,0,0,NA,NA,NA,0,0,"T",16,"CLUSTER2"
2020-06-16,"T17",0,FALSE,FALSE,TRUE,0,0,0,0,0,0,0,0,"T",17,"CLUSTER2"
2020-06-16,"T18",0,FALSE,FALSE,TRUE,0,0,0,0,0,0,0,0,"T",18,"CLUSTER2"
2020-06-16,"T19",0,FALSE,FALSE,FALSE,0,0,0,NA,NA,NA,0,0,"T",19,"CLUSTER2"
2020-06-16,"T20",0,FALSE,FALSE,FALSE,0,0,0,NA,NA,NA,0,0,"T",20,"CLUSTER2"
2020-06-16,"T21",4,FALSE,FALSE,TRUE,4,0,0,4,0,0,4,1,"T",21,"CLUSTER2"
2020-06-16,"T22",0,FALSE,FALSE,FALSE,0,0,0,NA,NA,NA,0,0,"T",22,"CLUSTER2"
2020-06-16,"T23",NA,TRUE,FALSE,FALSE,NA,NA,NA,NA,NA,NA,0,0,"T",23,"CLUSTER2"
2020-06-16,"T24",0,FALSE,FALSE,FALSE,0,0,0,NA,NA,NA,0,0,"T",24,"CLUSTER2"
2020-06-16,"T25",0,FALSE,FALSE,FALSE,0,0,0,NA,NA,NA,0,0,"T",25,"CLUSTER2"
2020-06-16,"T26",140,FALSE,FALSE,FALSE,105,20,15,NA,NA,NA,20,0.142857143,"T",26,"CLUSTER2"
2020-06-16,"T27",15,FALSE,FALSE,FALSE,6,9,0,NA,NA,NA,9,0.6,"T",27,"CLUSTER2"
2020-06-16,"T28",12,FALSE,FALSE,FALSE,11,0,1,NA,NA,NA,0,0,"T",28,"CLUSTER2"
2020-06-16,"T29",0,FALSE,FALSE,TRUE,0,0,0,0,0,0,0,0,"T",29,"CLUSTER2"
2020-06-16,"T30",0,FALSE,FALSE,FALSE,0,0,0,NA,NA,NA,0,0,"T",30,"CLUSTER2"
2020-06-16,"T31",20,FALSE,FALSE,FALSE,20,0,0,NA,NA,NA,0,0,"T",31,"CLUSTER2"
2020-06-16,"T32",10,FALSE,FALSE,FALSE,5,5,0,NA,NA,NA,5,0.5,"T",32,"CLUSTER2"
2020-06-16,"T33",34,FALSE,FALSE,FALSE,26,8,0,NA,NA,NA,8,0.235294118,"T",33,"CLUSTER2"
2020-06-16,"T34",33,FALSE,FALSE,FALSE,33,0,0,NA,NA,NA,0,0,"T",34,"CLUSTER2"
2020-06-16,"T35",56,FALSE,FALSE,FALSE,49,7,0,NA,NA,NA,7,0.125,"T",35,"CLUSTER2"
2020-06-16,"T36",12,FALSE,FALSE,FALSE,12,0,0,NA,NA,NA,0,0,"T",36,"CLUSTER2"
2020-06-16,"T37",33,FALSE,FALSE,TRUE,19,14,0,12,0,0,26,0.787878788,"T",37,"CLUSTER2"
2020-06-16,"T38",0,FALSE,FALSE,TRUE,0,0,0,0,0,0,0,0,"T",38,"CLUSTER2"
2020-06-16,"T39",1,FALSE,FALSE,FALSE,1,0,0,NA,NA,NA,0,0,"T",39,"CLUSTER2"
2020-06-16,"T40",9,FALSE,FALSE,FALSE,8,0,1,NA,NA,NA,0,0,"T",40,"CLUSTER2"
2020-06-16,"T41",0,FALSE,FALSE,FALSE,0,0,0,NA,NA,NA,0,0,"T",41,"CLUSTER2"
2020-06-16,"T42",0,FALSE,FALSE,FALSE,0,0,0,NA,NA,NA,0,0,"T",42,"CLUSTER2"
2020-06-16,"T43",4,FALSE,FALSE,TRUE,4,0,0,3,0,0,3,0.75,"T",43,"CLUSTER2"
2020-06-16,"T44",6,FALSE,FALSE,FALSE,6,0,0,NA,NA,NA,0,0,"T",44,"CLUSTER2"
2020-06-16,"T45",0,FALSE,FALSE,TRUE,0,0,0,0,0,0,0,0,"T",45,"CLUSTER2"
2020-06-23,"T16",27,FALSE,FALSE,FALSE,27,0,0,NA,NA,NA,0,0,"T",16,"CLUSTER2"
2020-06-23,"T17",0,FALSE,FALSE,TRUE,0,0,0,0,0,0,0,0,"T",17,"CLUSTER2"
2020-06-23,"T18",0,FALSE,FALSE,FALSE,0,0,0,NA,NA,NA,0,0,"T",18,"CLUSTER2"
2020-06-23,"T19",13,FALSE,FALSE,FALSE,13,0,0,NA,NA,NA,0,0,"T",19,"CLUSTER2"
2020-06-23,"T20",0,FALSE,FALSE,TRUE,0,0,0,0,0,0,0,0,"T",20,"CLUSTER2"
2020-06-23,"T21",0,FALSE,FALSE,FALSE,0,0,0,NA,NA,NA,0,0,"T",21,"CLUSTER2"
2020-06-23,"T22",0,FALSE,FALSE,FALSE,0,0,0,NA,NA,NA,0,0,"T",22,"CLUSTER2"
2020-06-23,"T23",25,FALSE,FALSE,TRUE,25,0,0,6,2,0,8,0.32,"T",23,"CLUSTER2"
2020-06-23,"T24",0,FALSE,FALSE,TRUE,0,0,0,0,0,0,0,0,"T",24,"CLUSTER2"
2020-06-23,"T25",0,FALSE,FALSE,FALSE,0,0,0,NA,NA,NA,0,0,"T",25,"CLUSTER2"
2020-06-23,"T26",7,FALSE,FALSE,TRUE,7,0,0,4,0,0,4,0.571428571,"T",26,"CLUSTER2"
2020-06-23,"T27",0,FALSE,FALSE,FALSE,0,0,0,NA,NA,NA,0,0,"T",27,"CLUSTER2"
2020-06-23,"T28",19,FALSE,FALSE,FALSE,14,5,0,NA,NA,NA,5,0.263157895,"T",28,"CLUSTER2"
2020-06-23,"T29",0,FALSE,FALSE,TRUE,0,0,0,0,0,0,0,0,"T",29,"CLUSTER2"
2020-06-23,"T30",0,FALSE,FALSE,FALSE,0,0,0,NA,NA,NA,0,0,"T",30,"CLUSTER2"
2020-06-23,"T31",27,FALSE,FALSE,FALSE,27,0,0,NA,NA,NA,0,0,"T",31,"CLUSTER2"
2020-06-23,"T32",0,FALSE,FALSE,FALSE,0,0,0,NA,NA,NA,0,0,"T",32,"CLUSTER2"
2020-06-23,"T33",0,FALSE,FALSE,TRUE,0,0,0,0,0,0,0,0,"T",33,"CLUSTER2"
2020-06-23,"T34",47,FALSE,FALSE,FALSE,33,1,13,NA,NA,NA,1,0.021276596,"T",34,"CLUSTER2"
2020-06-23,"T35",32,FALSE,FALSE,FALSE,30,1,1,NA,NA,NA,1,0.03125,"T",35,"CLUSTER2"
2020-06-23,"T36",62,FALSE,FALSE,FALSE,58,2,2,NA,NA,NA,2,0.032258065,"T",36,"CLUSTER2"
2020-06-23,"T37",3,FALSE,FALSE,FALSE,0,3,0,NA,NA,NA,3,1,"T",37,"CLUSTER2"
2020-06-23,"T38",0,FALSE,FALSE,FALSE,0,0,0,NA,NA,NA,0,0,"T",38,"CLUSTER2"
2020-06-23,"T39",0,FALSE,FALSE,FALSE,0,0,0,NA,NA,NA,0,0,"T",39,"CLUSTER2"
2020-06-23,"T40",3,FALSE,FALSE,FALSE,3,0,0,NA,NA,NA,0,0,"T",40,"CLUSTER2"
2020-06-23,"T41",0,FALSE,FALSE,FALSE,0,0,0,NA,NA,NA,0,0,"T",41,"CLUSTER2"
2020-06-23,"T42",6,FALSE,FALSE,TRUE,3,3,0,2,0,0,5,0.833333333,"T",42,"CLUSTER2"
2020-06-23,"T43",0,FALSE,FALSE,TRUE,0,0,0,0,0,0,0,0,"T",43,"CLUSTER2"
2020-06-23,"T44",0,FALSE,FALSE,FALSE,0,0,0,NA,NA,NA,0,0,"T",44,"CLUSTER2"
2020-06-23,"T45",NA,TRUE,FALSE,FALSE,NA,NA,NA,NA,NA,NA,0,0,"T",45,"CLUSTER2"
2020-06-30,"T16",9,FALSE,FALSE,FALSE,8,1,0,NA,NA,NA,1,0.111111111,"T",16,"CLUSTER2"
2020-06-30,"T17",0,FALSE,FALSE,TRUE,0,0,0,0,0,0,0,0,"T",17,"CLUSTER2"
2020-06-30,"T18",0,FALSE,FALSE,FALSE,0,0,0,NA,NA,NA,0,0,"T",18,"CLUSTER2"
2020-06-30,"T19",4,FALSE,FALSE,TRUE,2,0,2,0,0,0,0,0,"T",19,"CLUSTER2"
2020-06-30,"T20",0,FALSE,FALSE,FALSE,0,0,0,NA,NA,NA,0,0,"T",20,"CLUSTER2"
2020-06-30,"T21",0,FALSE,FALSE,FALSE,0,0,0,NA,NA,NA,0,0,"T",21,"CLUSTER2"
2020-06-30,"T22",20,FALSE,FALSE,FALSE,17,0,3,NA,NA,NA,0,0,"T",22,"CLUSTER2"
2020-06-30,"T23",22,FALSE,FALSE,TRUE,19,3,0,0,0,0,3,0.136363636,"T",23,"CLUSTER2"
2020-06-30,"T24",0,FALSE,FALSE,FALSE,0,0,0,NA,NA,NA,0,0,"T",24,"CLUSTER2"
2020-06-30,"T25",54,FALSE,FALSE,FALSE,31,23,0,NA,NA,NA,23,0.425925926,"T",25,"CLUSTER2"
2020-06-30,"T26",29,FALSE,FALSE,TRUE,25,3,1,0,0,0,3,0.103448276,"T",26,"CLUSTER2"
2020-06-30,"T27",32,FALSE,FALSE,TRUE,15,10,7,0,0,0,10,0.3125,"T",27,"CLUSTER2"
2020-06-30,"T28",0,FALSE,FALSE,FALSE,0,0,0,NA,NA,NA,0,0,"T",28,"CLUSTER2"
2020-06-30,"T29",8,FALSE,FALSE,FALSE,8,0,0,NA,NA,NA,0,0,"T",29,"CLUSTER2"
2020-06-30,"T30",36,FALSE,FALSE,FALSE,34,2,0,NA,NA,NA,2,0.055555556,"T",30,"CLUSTER2"
2020-06-30,"T31",11,FALSE,FALSE,TRUE,4,7,0,0,0,0,7,0.636363636,"T",31,"CLUSTER2"
2020-06-30,"T32",0,FALSE,FALSE,TRUE,0,0,0,0,0,0,0,0,"T",32,"CLUSTER2"
2020-06-30,"T33",0,FALSE,FALSE,FALSE,0,0,0,NA,NA,NA,0,0,"T",33,"CLUSTER2"
2020-06-30,"T34",0,FALSE,FALSE,FALSE,0,0,0,NA,NA,NA,0,0,"T",34,"CLUSTER2"
2020-06-30,"T35",39,FALSE,FALSE,FALSE,36,3,0,NA,NA,NA,3,0.076923077,"T",35,"CLUSTER2"
2020-06-30,"T36",NA,TRUE,FALSE,FALSE,NA,NA,NA,NA,NA,NA,0,0,"T",36,"CLUSTER2"
2020-06-30,"T37",24,FALSE,FALSE,FALSE,24,0,0,NA,NA,NA,0,0,"T",37,"CLUSTER2"
2020-06-30,"T38",37,FALSE,FALSE,FALSE,37,0,0,NA,NA,NA,0,0,"T",38,"CLUSTER2"
2020-06-30,"T39",0,FALSE,FALSE,FALSE,0,0,0,NA,NA,NA,0,0,"T",39,"CLUSTER2"
2020-06-30,"T40",NA,TRUE,FALSE,FALSE,NA,NA,NA,NA,NA,NA,0,0,"T",40,"CLUSTER2"
2020-06-30,"T41",0,FALSE,FALSE,FALSE,0,0,0,NA,NA,NA,0,0,"T",41,"CLUSTER2"
2020-06-30,"T42",13,FALSE,FALSE,FALSE,13,0,0,NA,NA,NA,0,0,"T",42,"CLUSTER2"
2020-06-30,"T43",9,FALSE,FALSE,FALSE,9,0,0,NA,NA,NA,0,0,"T",43,"CLUSTER2"
2020-06-30,"T44",0,FALSE,FALSE,FALSE,0,0,0,NA,NA,NA,0,0,"T",44,"CLUSTER2"
2020-06-30,"T45",0,FALSE,FALSE,FALSE,0,0,0,NA,NA,NA,0,0,"T",45,"CLUSTER2"
2020-08-18,"T16",1,FALSE,FALSE,TRUE,1,0,0,0,1,0,1,1,"T",16,"CLUSTER2"
2020-08-18,"T17",0,FALSE,FALSE,FALSE,0,0,0,NA,NA,NA,0,0,"T",17,"CLUSTER2"
2020-08-18,"T18",0,FALSE,FALSE,FALSE,0,0,0,NA,NA,NA,0,0,"T",18,"CLUSTER2"
2020-08-18,"T19",37,FALSE,FALSE,TRUE,37,0,0,29,2,0,31,0.837837838,"T",19,"CLUSTER2"
2020-08-18,"T20",10,FALSE,FALSE,FALSE,10,0,0,NA,NA,NA,0,0,"T",20,"CLUSTER2"
2020-08-18,"T21",11,FALSE,FALSE,FALSE,2,9,0,NA,NA,NA,9,0.818181818,"T",21,"CLUSTER2"
2020-08-18,"T22",NA,TRUE,FALSE,FALSE,NA,NA,NA,NA,NA,NA,0,0,"T",22,"CLUSTER2"
2020-08-18,"T23",12,FALSE,FALSE,TRUE,0,12,0,0,0,0,12,1,"T",23,"CLUSTER2"
2020-08-18,"T24",20,FALSE,FALSE,FALSE,9,10,1,NA,NA,NA,10,0.5,"T",24,"CLUSTER2"
2020-08-18,"T25",8,FALSE,FALSE,TRUE,3,5,0,3,0,0,8,1,"T",25,"CLUSTER2"
2020-08-18,"T26",1,FALSE,FALSE,FALSE,0,0,1,NA,NA,NA,0,0,"T",26,"CLUSTER2"
2020-08-18,"T27",3,FALSE,FALSE,TRUE,0,3,0,0,0,0,3,1,"T",27,"CLUSTER2"
2020-08-18,"T28",0,FALSE,FALSE,TRUE,0,0,0,0,0,0,0,0,"T",28,"CLUSTER2"
2020-08-18,"T29",0,FALSE,FALSE,FALSE,0,0,0,NA,NA,NA,0,0,"T",29,"CLUSTER2"
2020-08-18,"T30",40,FALSE,FALSE,TRUE,18,22,0,14,0,0,36,0.9,"T",30,"CLUSTER2"
2020-08-18,"T31",0,FALSE,FALSE,FALSE,0,0,0,NA,NA,NA,0,0,"T",31,"CLUSTER2"
2020-08-18,"T32",0,FALSE,FALSE,FALSE,0,0,0,NA,NA,NA,0,0,"T",32,"CLUSTER2"
2020-08-18,"T33",3,FALSE,FALSE,FALSE,3,0,0,NA,NA,NA,0,0,"T",33,"CLUSTER2"
2020-08-18,"T34",88,FALSE,FALSE,FALSE,34,54,0,NA,NA,NA,54,0.613636364,"T",34,"CLUSTER2"
2020-08-18,"T35",0,FALSE,FALSE,FALSE,0,0,0,NA,NA,NA,0,0,"T",35,"CLUSTER2"
2020-08-18,"T36",18,FALSE,FALSE,TRUE,12,5,1,8,2,0,15,0.833333333,"T",36,"CLUSTER2"
2020-08-18,"T37",44,FALSE,FALSE,FALSE,22,4,18,NA,NA,NA,4,0.090909091,"T",37,"CLUSTER2"
2020-08-18,"T38",0,FALSE,FALSE,FALSE,0,0,0,NA,NA,NA,0,0,"T",38,"CLUSTER2"
2020-08-18,"T39",0,FALSE,FALSE,TRUE,0,0,0,0,0,0,0,0,"T",39,"CLUSTER2"
2020-08-18,"T40",0,FALSE,FALSE,FALSE,0,0,0,NA,NA,NA,0,0,"T",40,"CLUSTER2"
2020-08-18,"T41",0,FALSE,FALSE,FALSE,0,0,0,NA,NA,NA,0,0,"T",41,"CLUSTER2"
2020-08-18,"T42",0,FALSE,FALSE,FALSE,0,0,0,NA,NA,NA,0,0,"T",42,"CLUSTER2"
2020-08-18,"T43",0,FALSE,FALSE,FALSE,0,0,0,NA,NA,NA,0,0,"T",43,"CLUSTER2"
2020-08-18,"T44",0,FALSE,FALSE,FALSE,0,0,0,NA,NA,NA,0,0,"T",44,"CLUSTER2"
2020-08-18,"T45",0,FALSE,FALSE,TRUE,0,0,0,0,0,0,0,0,"T",45,"CLUSTER2"
2020-08-25,"T16",0,FALSE,FALSE,FALSE,0,0,0,NA,NA,NA,0,0,"T",16,"CLUSTER2"
2020-08-25,"T17",0,FALSE,FALSE,FALSE,0,0,0,NA,NA,NA,0,0,"T",17,"CLUSTER2"
2020-08-25,"T18",0,FALSE,FALSE,FALSE,0,0,0,NA,NA,NA,0,0,"T",18,"CLUSTER2"
2020-08-25,"T19",0,FALSE,FALSE,TRUE,0,0,0,0,0,0,0,0,"T",19,"CLUSTER2"
2020-08-25,"T20",NA,TRUE,FALSE,FALSE,NA,NA,NA,NA,NA,NA,0,0,"T",20,"CLUSTER2"
2020-08-25,"T21",0,FALSE,FALSE,FALSE,0,0,0,NA,NA,NA,0,0,"T",21,"CLUSTER2"
2020-08-25,"T22",NA,TRUE,FALSE,FALSE,NA,NA,NA,NA,NA,NA,0,0,"T",22,"CLUSTER2"
2020-08-25,"T23",17,FALSE,FALSE,FALSE,17,0,0,NA,NA,NA,0,0,"T",23,"CLUSTER2"
2020-08-25,"T24",NA,TRUE,FALSE,FALSE,NA,NA,NA,NA,NA,NA,0,0,"T",24,"CLUSTER2"
2020-08-25,"T25",0,FALSE,FALSE,FALSE,0,0,0,NA,NA,NA,0,0,"T",25,"CLUSTER2"
2020-08-25,"T26",46,FALSE,FALSE,FALSE,27,17,2,NA,NA,NA,17,0.369565217,"T",26,"CLUSTER2"
2020-08-25,"T27",0,FALSE,FALSE,FALSE,0,0,0,NA,NA,NA,0,0,"T",27,"CLUSTER2"
2020-08-25,"T28",0,FALSE,FALSE,FALSE,0,0,0,NA,NA,NA,0,0,"T",28,"CLUSTER2"
2020-08-25,"T29",0,FALSE,FALSE,FALSE,0,0,0,NA,NA,NA,0,0,"T",29,"CLUSTER2"
2020-08-25,"T30",17,FALSE,FALSE,TRUE,17,0,0,11,0,0,11,0.647058824,"T",30,"CLUSTER2"
2020-08-25,"T31",0,FALSE,FALSE,FALSE,0,0,0,NA,NA,NA,0,0,"T",31,"CLUSTER2"
2020-08-25,"T32",0,FALSE,FALSE,TRUE,0,0,0,0,0,0,0,0,"T",32,"CLUSTER2"
2020-08-25,"T33",40,FALSE,FALSE,FALSE,29,11,0,NA,NA,NA,11,0.275,"T",33,"CLUSTER2"
2020-08-25,"T34",40,FALSE,FALSE,FALSE,26,10,4,NA,NA,NA,10,0.25,"T",34,"CLUSTER2"
2020-08-25,"T35",40,FALSE,FALSE,FALSE,40,0,0,NA,NA,NA,0,0,"T",35,"CLUSTER2"
2020-08-25,"T36",65,FALSE,FALSE,FALSE,25,40,0,NA,NA,NA,40,0.615384615,"T",36,"CLUSTER2"
2020-08-25,"T37",0,FALSE,FALSE,FALSE,0,0,0,NA,NA,NA,0,0,"T",37,"CLUSTER2"
2020-08-25,"T38",0,FALSE,FALSE,TRUE,0,0,0,0,0,0,0,0,"T",38,"CLUSTER2"
2020-08-25,"T39",0,FALSE,FALSE,TRUE,0,0,0,0,0,0,0,0,"T",39,"CLUSTER2"
2020-08-25,"T40",0,FALSE,FALSE,FALSE,0,0,0,NA,NA,NA,0,0,"T",40,"CLUSTER2"
2020-08-25,"T41",0,FALSE,FALSE,FALSE,0,0,0,NA,NA,NA,0,0,"T",41,"CLUSTER2"
2020-08-25,"T42",0,FALSE,FALSE,FALSE,0,0,0,NA,NA,NA,0,0,"T",42,"CLUSTER2"
2020-08-25,"T43",0,FALSE,FALSE,TRUE,0,0,0,0,0,0,0,0,"T",43,"CLUSTER2"
2020-08-25,"T44",0,FALSE,FALSE,TRUE,0,0,0,0,0,0,0,0,"T",44,"CLUSTER2"
2020-08-25,"T45",0,FALSE,FALSE,FALSE,0,0,0,NA,NA,NA,0,0,"T",45,"CLUSTER2"
2020-09-01,"T16",0,FALSE,FALSE,FALSE,0,0,0,NA,NA,NA,0,0,"T",16,"CLUSTER2"
2020-09-01,"T17",0,FALSE,FALSE,FALSE,0,0,0,NA,NA,NA,0,0,"T",17,"CLUSTER2"
2020-09-01,"T18",23,FALSE,FALSE,TRUE,22,0,1,23,0,0,23,1,"T",18,"CLUSTER2"
2020-09-01,"T19",0,FALSE,FALSE,FALSE,0,0,0,NA,NA,NA,0,0,"T",19,"CLUSTER2"
2020-09-01,"T20",0,FALSE,FALSE,FALSE,0,0,0,NA,NA,NA,0,0,"T",20,"CLUSTER2"
2020-09-01,"T21",1,FALSE,FALSE,FALSE,0,1,0,NA,NA,NA,1,1,"T",21,"CLUSTER2"
2020-09-01,"T22",4,FALSE,FALSE,FALSE,4,0,0,NA,NA,NA,0,0,"T",22,"CLUSTER2"
2020-09-01,"T23",0,FALSE,FALSE,FALSE,0,0,0,NA,NA,NA,0,0,"T",23,"CLUSTER2"
2020-09-01,"T24",0,FALSE,FALSE,FALSE,0,0,0,NA,NA,NA,0,0,"T",24,"CLUSTER2"
2020-09-01,"T25",0,FALSE,FALSE,TRUE,0,0,0,0,0,0,0,0,"T",25,"CLUSTER2"
2020-09-01,"T26",23,FALSE,FALSE,FALSE,19,2,2,NA,NA,NA,2,0.086956522,"T",26,"CLUSTER2"
2020-09-01,"T27",5,FALSE,FALSE,TRUE,4,1,0,4,0,0,5,1,"T",27,"CLUSTER2"
2020-09-01,"T28",0,FALSE,FALSE,FALSE,0,0,0,NA,NA,NA,0,0,"T",28,"CLUSTER2"
2020-09-01,"T29",0,FALSE,FALSE,FALSE,0,0,0,NA,NA,NA,0,0,"T",29,"CLUSTER2"
2020-09-01,"T30",11,FALSE,FALSE,FALSE,11,0,0,NA,NA,NA,0,0,"T",30,"CLUSTER2"
2020-09-01,"T31",0,FALSE,FALSE,FALSE,0,0,0,NA,NA,NA,0,0,"T",31,"CLUSTER2"
2020-09-01,"T32",0,FALSE,FALSE,TRUE,0,0,0,0,0,0,0,0,"T",32,"CLUSTER2"
2020-09-01,"T33",0,FALSE,FALSE,FALSE,0,0,0,NA,NA,NA,0,0,"T",33,"CLUSTER2"
2020-09-01,"T34",4,FALSE,FALSE,TRUE,3,1,0,0,0,0,1,0.25,"T",34,"CLUSTER2"
2020-09-01,"T35",0,FALSE,FALSE,FALSE,0,0,0,NA,NA,NA,0,0,"T",35,"CLUSTER2"
2020-09-01,"T36",3,FALSE,FALSE,FALSE,0,3,0,NA,NA,NA,3,1,"T",36,"CLUSTER2"
2020-09-01,"T37",0,FALSE,FALSE,FALSE,0,0,0,NA,NA,NA,0,0,"T",37,"CLUSTER2"
2020-09-01,"T38",0,FALSE,FALSE,TRUE,0,0,0,0,0,0,0,0,"T",38,"CLUSTER2"
2020-09-01,"T39",0,FALSE,FALSE,FALSE,0,0,0,NA,NA,NA,0,0,"T",39,"CLUSTER2"
2020-09-01,"T40",0,FALSE,FALSE,FALSE,0,0,0,NA,NA,NA,0,0,"T",40,"CLUSTER2"
2020-09-01,"T41",0,FALSE,FALSE,FALSE,0,0,0,NA,NA,NA,0,0,"T",41,"CLUSTER2"
2020-09-01,"T42",0,FALSE,FALSE,FALSE,0,0,0,NA,NA,NA,0,0,"T",42,"CLUSTER2"
2020-09-01,"T43",0,FALSE,FALSE,FALSE,0,0,0,NA,NA,NA,0,0,"T",43,"CLUSTER2"
2020-09-01,"T44",3,FALSE,FALSE,FALSE,0,2,1,NA,NA,NA,2,0.666666667,"T",44,"CLUSTER2"
2020-09-01,"T45",0,FALSE,FALSE,FALSE,0,0,0,NA,NA,NA,0,0,"T",45,"CLUSTER2"
2020-09-08,"T16",0,FALSE,FALSE,TRUE,0,0,0,0,0,0,0,0,"T",16,"CLUSTER2"
2020-09-08,"T17",0,FALSE,FALSE,FALSE,0,0,0,NA,NA,NA,0,0,"T",17,"CLUSTER2"
2020-09-08,"T18",0,FALSE,FALSE,FALSE,0,0,0,NA,NA,NA,0,0,"T",18,"CLUSTER2"
2020-09-08,"T19",0,FALSE,FALSE,FALSE,0,0,0,NA,NA,NA,0,0,"T",19,"CLUSTER2"
2020-09-08,"T20",23,FALSE,FALSE,FALSE,22,0,1,NA,NA,NA,0,0,"T",20,"CLUSTER2"
2020-09-08,"T21",0,FALSE,FALSE,TRUE,0,0,0,0,0,0,0,0,"T",21,"CLUSTER2"
2020-09-08,"T22",22,FALSE,FALSE,TRUE,10,12,0,0,1,0,13,0.590909091,"T",22,"CLUSTER2"
2020-09-08,"T23",0,FALSE,FALSE,FALSE,0,0,0,NA,NA,NA,0,0,"T",23,"CLUSTER2"
2020-09-08,"T24",38,FALSE,FALSE,FALSE,19,18,1,NA,NA,NA,18,0.473684211,"T",24,"CLUSTER2"
2020-09-08,"T25",0,FALSE,FALSE,TRUE,0,0,0,0,0,0,0,0,"T",25,"CLUSTER2"
2020-09-08,"T26",19,FALSE,FALSE,FALSE,0,19,0,NA,NA,NA,19,1,"T",26,"CLUSTER2"
2020-09-08,"T27",0,FALSE,FALSE,TRUE,0,0,0,0,0,0,0,0,"T",27,"CLUSTER2"
2020-09-08,"T28",0,FALSE,FALSE,FALSE,0,0,0,NA,NA,NA,0,0,"T",28,"CLUSTER2"
2020-09-08,"T29",0,FALSE,FALSE,TRUE,0,0,0,0,0,0,0,0,"T",29,"CLUSTER2"
2020-09-08,"T30",0,FALSE,FALSE,FALSE,0,0,0,NA,NA,NA,0,0,"T",30,"CLUSTER2"
2020-09-08,"T31",0,FALSE,FALSE,FALSE,0,0,0,NA,NA,NA,0,0,"T",31,"CLUSTER2"
2020-09-08,"T32",0,FALSE,FALSE,FALSE,0,0,0,NA,NA,NA,0,0,"T",32,"CLUSTER2"
2020-09-08,"T33",0,FALSE,FALSE,FALSE,0,0,0,NA,NA,NA,0,0,"T",33,"CLUSTER2"
2020-09-08,"T34",0,FALSE,FALSE,FALSE,0,0,0,NA,NA,NA,0,0,"T",34,"CLUSTER2"
2020-09-08,"T35",0,FALSE,FALSE,FALSE,0,0,0,NA,NA,NA,0,0,"T",35,"CLUSTER2"
2020-09-08,"T36",14,FALSE,FALSE,FALSE,3,10,1,NA,NA,NA,10,0.714285714,"T",36,"CLUSTER2"
2020-09-08,"T37",15,FALSE,FALSE,FALSE,9,6,0,NA,NA,NA,6,0.4,"T",37,"CLUSTER2"
2020-09-08,"T38",0,FALSE,FALSE,FALSE,0,0,0,NA,NA,NA,0,0,"T",38,"CLUSTER2"
2020-09-08,"T39",0,FALSE,FALSE,FALSE,0,0,0,NA,NA,NA,0,0,"T",39,"CLUSTER2"
2020-09-08,"T40",0,FALSE,FALSE,FALSE,0,0,0,NA,NA,NA,0,0,"T",40,"CLUSTER2"
2020-09-08,"T41",0,FALSE,FALSE,FALSE,0,0,0,NA,NA,NA,0,0,"T",41,"CLUSTER2"
2020-09-08,"T42",0,FALSE,FALSE,FALSE,0,0,0,NA,NA,NA,0,0,"T",42,"CLUSTER2"
2020-09-08,"T43",14,FALSE,FALSE,TRUE,3,11,0,2,0,0,13,0.928571429,"T",43,"CLUSTER2"
2020-09-08,"T44",0,FALSE,FALSE,TRUE,0,0,0,0,0,0,0,0,"T",44,"CLUSTER2"
2020-09-08,"T45",0,FALSE,FALSE,FALSE,0,0,0,NA,NA,NA,0,0,"T",45,"CLUSTER2"
2020-09-15,"T16",0,FALSE,FALSE,TRUE,0,0,0,0,0,0,0,0,"T",16,"CLUSTER2"
2020-09-15,"T17",0,FALSE,FALSE,FALSE,0,0,0,NA,NA,NA,0,0,"T",17,"CLUSTER2"
2020-09-15,"T18",0,FALSE,FALSE,FALSE,0,0,0,NA,NA,NA,0,0,"T",18,"CLUSTER2"
2020-09-15,"T19",0,FALSE,FALSE,FALSE,0,0,0,NA,NA,NA,0,0,"T",19,"CLUSTER2"
2020-09-15,"T20",0,FALSE,FALSE,FALSE,0,0,0,NA,NA,NA,0,0,"T",20,"CLUSTER2"
2020-09-15,"T21",12,FALSE,FALSE,FALSE,1,4,7,NA,NA,NA,4,0.333333333,"T",21,"CLUSTER2"
2020-09-15,"T22",8,FALSE,FALSE,FALSE,0,8,0,NA,NA,NA,8,1,"T",22,"CLUSTER2"
2020-09-15,"T23",0,FALSE,FALSE,FALSE,0,0,0,NA,NA,NA,0,0,"T",23,"CLUSTER2"
2020-09-15,"T24",0,FALSE,FALSE,FALSE,0,0,0,NA,NA,NA,0,0,"T",24,"CLUSTER2"
2020-09-15,"T25",0,FALSE,FALSE,FALSE,0,0,0,NA,NA,NA,0,0,"T",25,"CLUSTER2"
2020-09-15,"T26",20,FALSE,FALSE,FALSE,17,3,0,NA,NA,NA,3,0.15,"T",26,"CLUSTER2"
2020-09-15,"T27",0,FALSE,FALSE,FALSE,0,0,0,NA,NA,NA,0,0,"T",27,"CLUSTER2"
2020-09-15,"T28",0,FALSE,FALSE,FALSE,0,0,0,NA,NA,NA,0,0,"T",28,"CLUSTER2"
2020-09-15,"T29",0,FALSE,FALSE,FALSE,0,0,0,NA,NA,NA,0,0,"T",29,"CLUSTER2"
2020-09-15,"T30",3,FALSE,FALSE,TRUE,0,3,0,0,0,0,3,1,"T",30,"CLUSTER2"
2020-09-15,"T31",0,FALSE,FALSE,FALSE,0,0,0,NA,NA,NA,0,0,"T",31,"CLUSTER2"
2020-09-15,"T32",0,FALSE,FALSE,FALSE,0,0,0,NA,NA,NA,0,0,"T",32,"CLUSTER2"
2020-09-15,"T33",0,FALSE,FALSE,TRUE,0,0,0,0,0,0,0,0,"T",33,"CLUSTER2"
2020-09-15,"T34",0,FALSE,FALSE,TRUE,0,0,0,0,0,0,0,0,"T",34,"CLUSTER2"
2020-09-15,"T35",0,FALSE,FALSE,TRUE,0,0,0,0,0,0,0,0,"T",35,"CLUSTER2"
2020-09-15,"T36",0,FALSE,FALSE,FALSE,0,0,0,NA,NA,NA,0,0,"T",36,"CLUSTER2"
2020-09-15,"T37",11,FALSE,FALSE,TRUE,6,5,0,0,0,0,5,0.454545455,"T",37,"CLUSTER2"
2020-09-15,"T38",0,FALSE,FALSE,FALSE,0,0,0,NA,NA,NA,0,0,"T",38,"CLUSTER2"
2020-09-15,"T39",0,FALSE,FALSE,FALSE,0,0,0,NA,NA,NA,0,0,"T",39,"CLUSTER2"
2020-09-15,"T40",0,FALSE,FALSE,FALSE,0,0,0,NA,NA,NA,0,0,"T",40,"CLUSTER2"
2020-09-15,"T41",0,FALSE,FALSE,FALSE,0,0,0,NA,NA,NA,0,0,"T",41,"CLUSTER2"
2020-09-15,"T42",0,FALSE,FALSE,TRUE,0,0,0,0,0,0,0,0,"T",42,"CLUSTER2"
2020-09-15,"T43",0,FALSE,FALSE,FALSE,0,0,0,NA,NA,NA,0,0,"T",43,"CLUSTER2"
2020-09-15,"T44",0,FALSE,FALSE,FALSE,0,0,0,NA,NA,NA,0,0,"T",44,"CLUSTER2"
2020-09-15,"T45",0,FALSE,FALSE,FALSE,0,0,0,NA,NA,NA,0,0,"T",45,"CLUSTER2"
2020-11-03,"T16",0,FALSE,FALSE,FALSE,0,0,0,NA,NA,NA,0,0,"T",16,"CLUSTER2"
2020-11-03,"T17",0,FALSE,FALSE,FALSE,0,0,0,NA,NA,NA,0,0,"T",17,"CLUSTER2"
2020-11-03,"T18",0,FALSE,FALSE,TRUE,0,0,0,0,0,0,0,0,"T",18,"CLUSTER2"
2020-11-03,"T19",0,FALSE,FALSE,FALSE,0,0,0,NA,NA,NA,0,0,"T",19,"CLUSTER2"
2020-11-03,"T20",1,FALSE,FALSE,FALSE,0,1,0,NA,NA,NA,1,1,"T",20,"CLUSTER2"
2020-11-03,"T21",0,FALSE,FALSE,FALSE,0,0,0,NA,NA,NA,0,0,"T",21,"CLUSTER2"
2020-11-03,"T22",0,FALSE,FALSE,FALSE,0,0,0,NA,NA,NA,0,0,"T",22,"CLUSTER2"
2020-11-03,"T23",23,FALSE,FALSE,FALSE,22,0,1,5,2,1,8,0.347826087,"T",23,"CLUSTER2"
2020-11-03,"T24",0,FALSE,FALSE,FALSE,0,0,0,NA,NA,NA,0,0,"T",24,"CLUSTER2"
2020-11-03,"T25",0,FALSE,FALSE,FALSE,0,0,0,NA,NA,NA,0,0,"T",25,"CLUSTER2"
2020-11-03,"T26",30,FALSE,FALSE,FALSE,28,2,0,28,0,0,30,1,"T",26,"CLUSTER2"
2020-11-03,"T27",0,FALSE,FALSE,FALSE,0,0,0,NA,NA,NA,0,0,"T",27,"CLUSTER2"
2020-11-03,"T28",2,FALSE,FALSE,FALSE,2,0,0,NA,NA,NA,0,0,"T",28,"CLUSTER2"
2020-11-03,"T29",0,FALSE,FALSE,FALSE,0,0,0,NA,NA,NA,0,0,"T",29,"CLUSTER2"
2020-11-03,"T30",11,FALSE,FALSE,TRUE,3,8,0,0,0,0,8,0.727272727,"T",30,"CLUSTER2"
2020-11-03,"T31",0,FALSE,FALSE,FALSE,0,0,0,NA,NA,NA,0,0,"T",31,"CLUSTER2"
2020-11-03,"T32",0,FALSE,FALSE,FALSE,0,0,0,NA,NA,NA,0,0,"T",32,"CLUSTER2"
2020-11-03,"T33",0,FALSE,FALSE,FALSE,0,0,0,NA,NA,NA,0,0,"T",33,"CLUSTER2"
2020-11-03,"T34",0,FALSE,FALSE,FALSE,0,0,0,NA,NA,NA,0,0,"T",34,"CLUSTER2"
2020-11-03,"T35",11,FALSE,FALSE,TRUE,11,0,0,10,0,0,10,0.909090909,"T",35,"CLUSTER2"
2020-11-03,"T36",0,FALSE,FALSE,FALSE,0,0,0,NA,NA,NA,0,0,"T",36,"CLUSTER2"
2020-11-03,"T37",24,FALSE,FALSE,FALSE,0,0,24,NA,NA,NA,0,0,"T",37,"CLUSTER2"
2020-11-03,"T38",0,FALSE,FALSE,FALSE,0,0,0,NA,NA,NA,0,0,"T",38,"CLUSTER2"
2020-11-03,"T39",0,FALSE,FALSE,FALSE,0,0,0,NA,NA,NA,0,0,"T",39,"CLUSTER2"
2020-11-03,"T40",0,FALSE,FALSE,TRUE,0,0,0,0,0,0,0,0,"T",40,"CLUSTER2"
2020-11-03,"T41",0,FALSE,FALSE,FALSE,0,0,0,NA,NA,NA,0,0,"T",41,"CLUSTER2"
2020-11-03,"T42",0,FALSE,FALSE,TRUE,0,0,0,0,0,0,0,0,"T",42,"CLUSTER2"
2020-11-03,"T43",3,FALSE,FALSE,TRUE,3,0,0,2,0,0,2,0.666666667,"T",43,"CLUSTER2"
2020-11-03,"T44",0,FALSE,FALSE,FALSE,0,0,0,NA,NA,NA,0,0,"T",44,"CLUSTER2"
2020-11-03,"T45",0,FALSE,FALSE,TRUE,0,0,0,0,0,0,0,0,"T",45,"CLUSTER2"
2020-11-10,"T16",0,FALSE,FALSE,FALSE,0,0,0,NA,NA,NA,0,0,"T",16,"CLUSTER2"
2020-11-10,"T17",0,FALSE,FALSE,FALSE,0,0,0,NA,NA,NA,0,0,"T",17,"CLUSTER2"
2020-11-10,"T18",0,FALSE,FALSE,FALSE,0,0,0,NA,NA,NA,0,0,"T",18,"CLUSTER2"
2020-11-10,"T19",NA,TRUE,FALSE,FALSE,NA,NA,NA,NA,NA,NA,0,0,"T",19,"CLUSTER2"
2020-11-10,"T20",0,FALSE,FALSE,FALSE,0,0,0,NA,NA,NA,0,0,"T",20,"CLUSTER2"
2020-11-10,"T21",0,FALSE,FALSE,TRUE,0,0,0,0,0,0,0,0,"T",21,"CLUSTER2"
2020-11-10,"T22",0,FALSE,FALSE,FALSE,0,0,0,NA,NA,NA,0,0,"T",22,"CLUSTER2"
2020-11-10,"T23",14,FALSE,FALSE,FALSE,14,0,0,NA,NA,NA,0,0,"T",23,"CLUSTER2"
2020-11-10,"T24",0,FALSE,FALSE,TRUE,0,0,0,0,0,0,0,0,"T",24,"CLUSTER2"
2020-11-10,"T25",0,FALSE,FALSE,FALSE,0,0,0,NA,NA,NA,0,0,"T",25,"CLUSTER2"
2020-11-10,"T26",0,FALSE,FALSE,FALSE,0,0,0,NA,NA,NA,0,0,"T",26,"CLUSTER2"
2020-11-10,"T27",0,FALSE,FALSE,FALSE,0,0,0,NA,NA,NA,0,0,"T",27,"CLUSTER2"
2020-11-10,"T28",0,FALSE,FALSE,TRUE,0,0,0,0,0,0,0,0,"T",28,"CLUSTER2"
2020-11-10,"T29",0,FALSE,FALSE,TRUE,0,0,0,0,0,0,0,0,"T",29,"CLUSTER2"
2020-11-10,"T30",0,FALSE,FALSE,TRUE,0,0,0,0,0,0,0,0,"T",30,"CLUSTER2"
2020-11-10,"T31",0,FALSE,FALSE,FALSE,0,0,0,NA,NA,NA,0,0,"T",31,"CLUSTER2"
2020-11-10,"T32",0,FALSE,FALSE,FALSE,0,0,0,NA,NA,NA,0,0,"T",32,"CLUSTER2"
2020-11-10,"T33",2,FALSE,FALSE,FALSE,0,0,2,NA,NA,NA,0,0,"T",33,"CLUSTER2"
2020-11-10,"T34",0,FALSE,FALSE,TRUE,0,0,0,0,0,0,0,0,"T",34,"CLUSTER2"
2020-11-10,"T35",0,FALSE,FALSE,TRUE,0,0,0,0,0,0,0,0,"T",35,"CLUSTER2"
2020-11-10,"T36",1,FALSE,FALSE,TRUE,1,0,0,0,0,0,0,0,"T",36,"CLUSTER2"
2020-11-10,"T37",0,FALSE,FALSE,FALSE,0,0,0,NA,NA,NA,0,0,"T",37,"CLUSTER2"
2020-11-10,"T38",0,FALSE,FALSE,FALSE,0,0,0,NA,NA,NA,0,0,"T",38,"CLUSTER2"
2020-11-10,"T39",0,FALSE,FALSE,FALSE,0,0,0,NA,NA,NA,0,0,"T",39,"CLUSTER2"
2020-11-10,"T40",0,FALSE,FALSE,FALSE,0,0,0,NA,NA,NA,0,0,"T",40,"CLUSTER2"
2020-11-10,"T41",0,FALSE,FALSE,FALSE,0,0,0,NA,NA,NA,0,0,"T",41,"CLUSTER2"
2020-11-10,"T42",10,FALSE,FALSE,TRUE,10,0,0,0,0,0,0,0,"T",42,"CLUSTER2"
2020-11-10,"T43",0,FALSE,FALSE,FALSE,0,0,0,NA,NA,NA,0,0,"T",43,"CLUSTER2"
2020-11-10,"T44",0,FALSE,FALSE,FALSE,0,0,0,NA,NA,NA,0,0,"T",44,"CLUSTER2"
2020-11-10,"T45",0,FALSE,FALSE,FALSE,0,0,0,NA,NA,NA,0,0,"T",45,"CLUSTER2"
2020-11-17,"T16",0,FALSE,FALSE,FALSE,0,0,0,NA,NA,NA,0,0,"T",16,"CLUSTER2"
2020-11-17,"T17",0,FALSE,FALSE,TRUE,0,0,0,0,0,0,0,0,"T",17,"CLUSTER2"
2020-11-17,"T18",0,FALSE,FALSE,FALSE,0,0,0,NA,NA,NA,0,0,"T",18,"CLUSTER2"
2020-11-17,"T19",0,FALSE,FALSE,TRUE,0,0,0,0,0,0,0,0,"T",19,"CLUSTER2"
2020-11-17,"T20",0,FALSE,FALSE,FALSE,0,0,0,NA,NA,NA,0,0,"T",20,"CLUSTER2"
2020-11-17,"T21",0,FALSE,FALSE,FALSE,0,0,0,NA,NA,NA,0,0,"T",21,"CLUSTER2"
2020-11-17,"T22",0,FALSE,FALSE,FALSE,0,0,0,NA,NA,NA,0,0,"T",22,"CLUSTER2"
2020-11-17,"T23",0,FALSE,FALSE,FALSE,0,0,0,NA,NA,NA,0,0,"T",23,"CLUSTER2"
2020-11-17,"T24",0,FALSE,FALSE,TRUE,0,0,0,0,0,0,0,0,"T",24,"CLUSTER2"
2020-11-17,"T25",0,FALSE,FALSE,TRUE,0,0,0,0,0,0,0,0,"T",25,"CLUSTER2"
2020-11-17,"T26",3,FALSE,FALSE,FALSE,3,0,0,0,0,0,0,0,"T",26,"CLUSTER2"
2020-11-17,"T27",0,FALSE,FALSE,FALSE,0,0,0,NA,NA,NA,0,0,"T",27,"CLUSTER2"
2020-11-17,"T28",0,FALSE,FALSE,FALSE,0,0,0,NA,NA,NA,0,0,"T",28,"CLUSTER2"
2020-11-17,"T29",0,FALSE,FALSE,TRUE,0,0,0,0,0,0,0,0,"T",29,"CLUSTER2"
2020-11-17,"T30",0,FALSE,FALSE,FALSE,0,0,0,NA,NA,NA,0,0,"T",30,"CLUSTER2"
2020-11-17,"T31",0,FALSE,FALSE,TRUE,0,0,0,0,0,0,0,0,"T",31,"CLUSTER2"
2020-11-17,"T32",0,FALSE,FALSE,FALSE,0,0,0,NA,NA,NA,0,0,"T",32,"CLUSTER2"
2020-11-17,"T33",0,FALSE,FALSE,FALSE,0,0,0,NA,NA,NA,0,0,"T",33,"CLUSTER2"
2020-11-17,"T34",0,FALSE,FALSE,TRUE,0,0,0,0,0,0,0,0,"T",34,"CLUSTER2"
2020-11-17,"T35",0,FALSE,FALSE,TRUE,0,0,0,0,0,0,0,0,"T",35,"CLUSTER2"
2020-11-17,"T36",0,FALSE,FALSE,FALSE,0,0,0,NA,NA,NA,0,0,"T",36,"CLUSTER2"
2020-11-17,"T37",0,FALSE,FALSE,FALSE,0,0,0,NA,NA,NA,0,0,"T",37,"CLUSTER2"
2020-11-17,"T38",0,FALSE,FALSE,FALSE,0,0,0,NA,NA,NA,0,0,"T",38,"CLUSTER2"
2020-11-17,"T39",0,FALSE,FALSE,FALSE,0,0,0,NA,NA,NA,0,0,"T",39,"CLUSTER2"
2020-11-17,"T40",0,FALSE,FALSE,TRUE,0,0,0,0,0,0,0,0,"T",40,"CLUSTER2"
2020-11-17,"T41",0,FALSE,FALSE,FALSE,0,0,0,NA,NA,NA,0,0,"T",41,"CLUSTER2"
2020-11-17,"T42",0,FALSE,FALSE,FALSE,0,0,0,NA,NA,NA,0,0,"T",42,"CLUSTER2"
2020-11-17,"T43",0,FALSE,FALSE,FALSE,0,0,0,NA,NA,NA,0,0,"T",43,"CLUSTER2"
2020-11-17,"T44",0,FALSE,FALSE,FALSE,0,0,0,NA,NA,NA,0,0,"T",44,"CLUSTER2"
2020-11-17,"T45",0,FALSE,FALSE,TRUE,0,0,0,0,0,0,0,0,"T",45,"CLUSTER2"
2020-11-24,"T16",0,FALSE,FALSE,TRUE,0,0,0,0,0,0,0,0,"T",16,"CLUSTER2"
2020-11-24,"T17",0,FALSE,FALSE,TRUE,0,0,0,0,0,0,0,0,"T",17,"CLUSTER2"
2020-11-24,"T18",0,FALSE,FALSE,FALSE,0,0,0,NA,NA,NA,0,0,"T",18,"CLUSTER2"
2020-11-24,"T19",0,FALSE,FALSE,TRUE,0,0,0,0,0,0,0,0,"T",19,"CLUSTER2"
2020-11-24,"T20",0,FALSE,FALSE,FALSE,0,0,0,NA,NA,NA,0,0,"T",20,"CLUSTER2"
2020-11-24,"T21",0,FALSE,FALSE,FALSE,0,0,0,NA,NA,NA,0,0,"T",21,"CLUSTER2"
2020-11-24,"T22",0,FALSE,FALSE,FALSE,0,0,0,NA,NA,NA,0,0,"T",22,"CLUSTER2"
2020-11-24,"T23",0,FALSE,FALSE,FALSE,0,0,0,NA,NA,NA,0,0,"T",23,"CLUSTER2"
2020-11-24,"T24",0,FALSE,FALSE,FALSE,0,0,0,NA,NA,NA,0,0,"T",24,"CLUSTER2"
2020-11-24,"T25",0,FALSE,FALSE,FALSE,0,0,0,NA,NA,NA,0,0,"T",25,"CLUSTER2"
2020-11-24,"T26",0,FALSE,FALSE,FALSE,0,0,0,NA,NA,NA,0,0,"T",26,"CLUSTER2"
2020-11-24,"T27",0,FALSE,FALSE,FALSE,0,0,0,NA,NA,NA,0,0,"T",27,"CLUSTER2"
2020-11-24,"T28",0,FALSE,FALSE,TRUE,0,0,0,0,0,0,0,0,"T",28,"CLUSTER2"
2020-11-24,"T29",0,FALSE,FALSE,FALSE,0,0,0,NA,NA,NA,0,0,"T",29,"CLUSTER2"
2020-11-24,"T30",3,FALSE,FALSE,FALSE,3,0,0,1,0,0,1,0.333333333,"T",30,"CLUSTER2"
2020-11-24,"T31",0,FALSE,FALSE,TRUE,0,0,0,0,0,0,0,0,"T",31,"CLUSTER2"
2020-11-24,"T32",0,FALSE,FALSE,FALSE,0,0,0,NA,NA,NA,0,0,"T",32,"CLUSTER2"
2020-11-24,"T33",0,FALSE,FALSE,FALSE,0,0,0,NA,NA,NA,0,0,"T",33,"CLUSTER2"
2020-11-24,"T34",0,FALSE,FALSE,FALSE,0,0,0,NA,NA,NA,0,0,"T",34,"CLUSTER2"
2020-11-24,"T35",0,FALSE,FALSE,FALSE,0,0,0,NA,NA,NA,0,0,"T",35,"CLUSTER2"
2020-11-24,"T36",0,FALSE,FALSE,FALSE,0,0,0,NA,NA,NA,0,0,"T",36,"CLUSTER2"
2020-11-24,"T37",0,FALSE,FALSE,FALSE,0,0,0,NA,NA,NA,0,0,"T",37,"CLUSTER2"
2020-11-24,"T38",0,FALSE,FALSE,TRUE,0,0,0,0,0,0,0,0,"T",38,"CLUSTER2"
2020-11-24,"T39",0,FALSE,FALSE,TRUE,0,0,0,0,0,0,0,0,"T",39,"CLUSTER2"
2020-11-24,"T40",0,FALSE,FALSE,FALSE,0,0,0,NA,NA,NA,0,0,"T",40,"CLUSTER2"
2020-11-24,"T41",0,FALSE,FALSE,FALSE,0,0,0,NA,NA,NA,0,0,"T",41,"CLUSTER2"
2020-11-24,"T42",0,FALSE,FALSE,FALSE,0,0,0,NA,NA,NA,0,0,"T",42,"CLUSTER2"
2020-11-24,"T43",0,FALSE,FALSE,FALSE,0,0,0,NA,NA,NA,0,0,"T",43,"CLUSTER2"
2020-11-24,"T44",0,FALSE,FALSE,TRUE,0,0,0,0,0,0,0,0,"T",44,"CLUSTER2"
2020-11-24,"T45",0,FALSE,FALSE,FALSE,0,0,0,NA,NA,NA,0,0,"T",45,"CLUSTER2"
2020-12-01,"T16",0,FALSE,FALSE,FALSE,0,0,0,NA,NA,NA,0,0,"T",16,"CLUSTER2"
2020-12-01,"T17",0,FALSE,FALSE,TRUE,0,0,0,0,0,0,0,0,"T",17,"CLUSTER2"
2020-12-01,"T18",0,FALSE,FALSE,FALSE,0,0,0,NA,NA,NA,0,0,"T",18,"CLUSTER2"
2020-12-01,"T19",0,FALSE,FALSE,FALSE,0,0,0,NA,NA,NA,0,0,"T",19,"CLUSTER2"
2020-12-01,"T20",0,FALSE,FALSE,FALSE,0,0,0,NA,NA,NA,0,0,"T",20,"CLUSTER2"
2020-12-01,"T21",0,FALSE,FALSE,FALSE,0,0,0,NA,NA,NA,0,0,"T",21,"CLUSTER2"
2020-12-01,"T22",0,FALSE,FALSE,TRUE,0,0,0,0,0,0,0,0,"T",22,"CLUSTER2"
2020-12-01,"T23",0,FALSE,FALSE,TRUE,0,0,0,0,0,0,0,0,"T",23,"CLUSTER2"
2020-12-01,"T24",0,FALSE,FALSE,FALSE,0,0,0,NA,NA,NA,0,0,"T",24,"CLUSTER2"
2020-12-01,"T25",0,FALSE,FALSE,TRUE,0,0,0,0,0,0,0,0,"T",25,"CLUSTER2"
2020-12-01,"T26",34,FALSE,FALSE,TRUE,32,1,1,26,0,0,27,0.794117647,"T",26,"CLUSTER2"
2020-12-01,"T27",0,FALSE,FALSE,FALSE,0,0,0,NA,NA,NA,0,0,"T",27,"CLUSTER2"
2020-12-01,"T28",0,FALSE,FALSE,FALSE,0,0,0,NA,NA,NA,0,0,"T",28,"CLUSTER2"
2020-12-01,"T29",24,FALSE,FALSE,TRUE,24,0,0,8,0,0,8,0.333333333,"T",29,"CLUSTER2"
2020-12-01,"T30",0,FALSE,FALSE,FALSE,0,0,0,NA,NA,NA,0,0,"T",30,"CLUSTER2"
2020-12-01,"T31",0,FALSE,FALSE,FALSE,0,0,0,NA,NA,NA,0,0,"T",31,"CLUSTER2"
2020-12-01,"T32",0,FALSE,FALSE,FALSE,0,0,0,NA,NA,NA,0,0,"T",32,"CLUSTER2"
2020-12-01,"T33",0,FALSE,FALSE,FALSE,0,0,0,NA,NA,NA,0,0,"T",33,"CLUSTER2"
2020-12-01,"T34",0,FALSE,FALSE,FALSE,0,0,0,NA,NA,NA,0,0,"T",34,"CLUSTER2"
2020-12-01,"T35",0,FALSE,FALSE,FALSE,0,0,0,NA,NA,NA,0,0,"T",35,"CLUSTER2"
2020-12-01,"T36",0,FALSE,FALSE,TRUE,0,0,0,0,0,0,0,0,"T",36,"CLUSTER2"
2020-12-01,"T37",5,FALSE,FALSE,FALSE,5,0,0,2,0,0,2,0.4,"T",37,"CLUSTER2"
2020-12-01,"T38",0,FALSE,FALSE,FALSE,0,0,0,NA,NA,NA,0,0,"T",38,"CLUSTER2"
2020-12-01,"T39",0,FALSE,FALSE,TRUE,0,0,0,0,0,0,0,0,"T",39,"CLUSTER2"
2020-12-01,"T40",0,FALSE,FALSE,FALSE,0,0,0,NA,NA,NA,0,0,"T",40,"CLUSTER2"
2020-12-01,"T41",0,FALSE,FALSE,FALSE,0,0,0,NA,NA,NA,0,0,"T",41,"CLUSTER2"
2020-12-01,"T42",0,FALSE,FALSE,TRUE,0,0,0,0,0,0,0,0,"T",42,"CLUSTER2"
2020-12-01,"T43",0,FALSE,FALSE,TRUE,0,0,0,0,0,0,0,0,"T",43,"CLUSTER2"
2020-12-01,"T44",0,FALSE,FALSE,FALSE,0,0,0,NA,NA,NA,0,0,"T",44,"CLUSTER2"
2020-12-01,"T45",5,FALSE,FALSE,FALSE,5,0,0,2,0,1,3,0.6,"T",45,"CLUSTER2"
2020-12-08,"T16",0,FALSE,FALSE,FALSE,0,0,0,NA,NA,NA,0,0,"T",16,"CLUSTER2"
2020-12-08,"T17",0,FALSE,FALSE,FALSE,0,0,0,NA,NA,NA,0,0,"T",17,"CLUSTER2"
2020-12-08,"T18",0,FALSE,FALSE,TRUE,0,0,0,0,0,0,0,0,"T",18,"CLUSTER2"
2020-12-08,"T19",0,FALSE,FALSE,FALSE,0,0,0,NA,NA,NA,0,0,"T",19,"CLUSTER2"
2020-12-08,"T20",0,FALSE,FALSE,TRUE,0,0,0,0,0,0,0,0,"T",20,"CLUSTER2"
2020-12-08,"T21",0,FALSE,FALSE,TRUE,0,0,0,0,0,0,0,0,"T",21,"CLUSTER2"
2020-12-08,"T22",0,FALSE,FALSE,FALSE,0,0,0,NA,NA,NA,0,0,"T",22,"CLUSTER2"
2020-12-08,"T23",0,FALSE,FALSE,FALSE,0,0,0,NA,NA,NA,0,0,"T",23,"CLUSTER2"
2020-12-08,"T24",0,FALSE,FALSE,TRUE,0,0,0,0,0,0,0,0,"T",24,"CLUSTER2"
2020-12-08,"T25",0,FALSE,FALSE,FALSE,0,0,0,NA,NA,NA,0,0,"T",25,"CLUSTER2"
2020-12-08,"T26",0,FALSE,FALSE,FALSE,0,0,0,NA,NA,NA,0,0,"T",26,"CLUSTER2"
2020-12-08,"T27",0,FALSE,FALSE,TRUE,0,0,0,0,0,0,0,0,"T",27,"CLUSTER2"
2020-12-08,"T28",0,FALSE,FALSE,FALSE,0,0,0,NA,NA,NA,0,0,"T",28,"CLUSTER2"
2020-12-08,"T29",0,FALSE,FALSE,FALSE,0,0,0,NA,NA,NA,0,0,"T",29,"CLUSTER2"
2020-12-08,"T30",0,FALSE,FALSE,TRUE,0,0,0,0,0,0,0,0,"T",30,"CLUSTER2"
2020-12-08,"T31",0,FALSE,FALSE,FALSE,0,0,0,NA,NA,NA,0,0,"T",31,"CLUSTER2"
2020-12-08,"T32",0,FALSE,FALSE,FALSE,0,0,0,NA,NA,NA,0,0,"T",32,"CLUSTER2"
2020-12-08,"T33",0,FALSE,FALSE,FALSE,0,0,0,NA,NA,NA,0,0,"T",33,"CLUSTER2"
2020-12-08,"T34",0,FALSE,FALSE,TRUE,0,0,0,0,0,0,0,0,"T",34,"CLUSTER2"
2020-12-08,"T35",0,FALSE,FALSE,FALSE,0,0,0,NA,NA,NA,0,0,"T",35,"CLUSTER2"
2020-12-08,"T36",0,FALSE,FALSE,TRUE,0,0,0,0,0,0,0,0,"T",36,"CLUSTER2"
2020-12-08,"T37",5,FALSE,FALSE,FALSE,4,0,1,5,0,0,5,1,"T",37,"CLUSTER2"
2020-12-08,"T38",0,FALSE,FALSE,FALSE,0,0,0,NA,NA,NA,0,0,"T",38,"CLUSTER2"
2020-12-08,"T39",0,FALSE,FALSE,TRUE,0,0,0,0,0,0,0,0,"T",39,"CLUSTER2"
2020-12-08,"T40",0,FALSE,FALSE,FALSE,0,0,0,NA,NA,NA,0,0,"T",40,"CLUSTER2"
2020-12-08,"T41",0,FALSE,FALSE,FALSE,0,0,0,NA,NA,NA,0,0,"T",41,"CLUSTER2"
2020-12-08,"T42",0,FALSE,FALSE,FALSE,0,0,0,NA,NA,NA,0,0,"T",42,"CLUSTER2"
2020-12-08,"T43",0,FALSE,FALSE,FALSE,0,0,0,NA,NA,NA,0,0,"T",43,"CLUSTER2"
2020-12-08,"T44",0,FALSE,FALSE,FALSE,0,0,0,NA,NA,NA,0,0,"T",44,"CLUSTER2"
2020-12-08,"T45",0,FALSE,FALSE,FALSE,0,0,0,NA,NA,NA,0,0,"T",45,"CLUSTER2"
2020-12-15,"T16",0,FALSE,FALSE,FALSE,0,0,0,NA,NA,NA,0,0,"T",16,"CLUSTER2"
2020-12-15,"T17",0,FALSE,FALSE,TRUE,0,0,0,0,0,0,0,0,"T",17,"CLUSTER2"
2020-12-15,"T18",0,FALSE,FALSE,TRUE,0,0,0,0,0,0,0,0,"T",18,"CLUSTER2"
2020-12-15,"T19",0,FALSE,FALSE,FALSE,0,0,0,NA,NA,NA,0,0,"T",19,"CLUSTER2"
2020-12-15,"T20",0,FALSE,FALSE,FALSE,0,0,0,NA,NA,NA,0,0,"T",20,"CLUSTER2"
2020-12-15,"T21",0,FALSE,FALSE,FALSE,0,0,0,NA,NA,NA,0,0,"T",21,"CLUSTER2"
2020-12-15,"T22",0,FALSE,FALSE,FALSE,0,0,0,NA,NA,NA,0,0,"T",22,"CLUSTER2"
2020-12-15,"T23",0,FALSE,FALSE,FALSE,0,0,0,NA,NA,NA,0,0,"T",23,"CLUSTER2"
2020-12-15,"T24",0,FALSE,FALSE,FALSE,0,0,0,NA,NA,NA,0,0,"T",24,"CLUSTER2"
2020-12-15,"T25",0,FALSE,FALSE,FALSE,0,0,0,NA,NA,NA,0,0,"T",25,"CLUSTER2"
2020-12-15,"T26",0,FALSE,FALSE,FALSE,0,0,0,NA,NA,NA,0,0,"T",26,"CLUSTER2"
2020-12-15,"T27",0,FALSE,FALSE,TRUE,0,0,0,0,0,0,0,0,"T",27,"CLUSTER2"
2020-12-15,"T28",0,FALSE,FALSE,FALSE,0,0,0,NA,NA,NA,0,0,"T",28,"CLUSTER2"
2020-12-15,"T29",0,FALSE,FALSE,FALSE,0,0,0,NA,NA,NA,0,0,"T",29,"CLUSTER2"
2020-12-15,"T30",0,FALSE,FALSE,FALSE,0,0,0,NA,NA,NA,0,0,"T",30,"CLUSTER2"
2020-12-15,"T31",0,FALSE,FALSE,FALSE,0,0,0,NA,NA,NA,0,0,"T",31,"CLUSTER2"
2020-12-15,"T32",0,FALSE,FALSE,FALSE,0,0,0,NA,NA,NA,0,0,"T",32,"CLUSTER2"
2020-12-15,"T33",0,FALSE,FALSE,FALSE,0,0,0,NA,NA,NA,0,0,"T",33,"CLUSTER2"
2020-12-15,"T34",0,FALSE,FALSE,FALSE,0,0,0,NA,NA,NA,0,0,"T",34,"CLUSTER2"
2020-12-15,"T35",0,FALSE,FALSE,TRUE,0,0,0,0,0,0,0,0,"T",35,"CLUSTER2"
2020-12-15,"T36",1,FALSE,FALSE,TRUE,0,1,0,0,0,0,1,1,"T",36,"CLUSTER2"
2020-12-15,"T37",0,FALSE,FALSE,FALSE,0,0,0,NA,NA,NA,0,0,"T",37,"CLUSTER2"
2020-12-15,"T38",0,FALSE,FALSE,TRUE,0,0,0,0,0,0,0,0,"T",38,"CLUSTER2"
2020-12-15,"T39",0,FALSE,FALSE,TRUE,0,0,0,0,0,0,0,0,"T",39,"CLUSTER2"
2020-12-15,"T40",0,FALSE,FALSE,FALSE,0,0,0,NA,NA,NA,0,0,"T",40,"CLUSTER2"
2020-12-15,"T41",0,FALSE,FALSE,TRUE,0,0,0,0,0,0,0,0,"T",41,"CLUSTER2"
2020-12-15,"T42",0,FALSE,FALSE,FALSE,0,0,0,NA,NA,NA,0,0,"T",42,"CLUSTER2"
2020-12-15,"T43",0,FALSE,FALSE,TRUE,0,0,0,0,0,0,0,0,"T",43,"CLUSTER2"
2020-12-15,"T44",0,FALSE,FALSE,FALSE,0,0,0,NA,NA,NA,0,0,"T",44,"CLUSTER2"
2020-12-15,"T45",0,FALSE,FALSE,FALSE,0,0,0,NA,NA,NA,0,0,"T",45,"CLUSTER2"
